Revision,Indicator,AtlasProjectName,Milestone,Date,WW,ChangedColumn,OldValue,NewValue
"Rev 1 (2025-11-25)",NEW,"Titan Lake HUB-BX Die","Tape In","2027-02-26T00:00:00.000Z","202709",N/A,N/A,N/A
"Rev 1 (2025-11-25)",NEW,"Titan Lake PCD-H Die","Sort PO*","2027-04-23T00:00:00.000Z","202717",N/A,N/A,N/A
"Rev 1 (2025-11-25)",NEW,"Razor Lake CPU 4P+8E Ext Die","Sort PO*","2027-07-30T00:00:00.000Z","202731",N/A,N/A,N/A
"Rev 1 (2025-11-25)",NEW,"Razor Lake CPU 4P+8E Ext Die","Tape In","2027-04-23T00:00:00.000Z","202717",N/A,N/A,N/A
"Rev 1 (2025-11-25)",NEW,"Titan Lake HL Product","PO Start","2028-02-19T00:00:00.000Z","202808",N/A,N/A,N/A
"Rev 1 (2025-11-25)",NEW,"Titan Lake HM Product","PRQ","2028-11-18T00:00:00.000Z","202847",N/A,N/A,N/A
"Rev 1 (2025-11-25)",NEW,"Titan Lake HUB-P Die","Tape In","2027-09-17T00:00:00.000Z","202738",N/A,N/A,N/A
"Rev 1 (2025-11-25)",NEW,"Titan Lake B Product","PO Start","2027-11-26T00:00:00.000Z","202748",N/A,N/A,N/A
"Rev 1 (2025-11-25)",NEW,"Titan Lake HUB-BX Die","Sort PO*","2027-06-04T00:00:00.000Z","202723",N/A,N/A,N/A
"Rev 1 (2025-11-25)",NEW,"Titan Lake HUB-P Die","Sort PO*","2027-12-24T00:00:00.000Z","202752",N/A,N/A,N/A
"Rev 1 (2025-11-25)",NEW,"Titan Lake PCD-H Die","Sort PO*","2028-01-07T00:00:00.000Z","202802",N/A,N/A,N/A
"Rev 1 (2025-11-25)",NEW,"Titan Lake BX Product","PRQ","2028-04-08T00:00:00.000Z","202815",N/A,N/A,N/A
"Rev 1 (2025-11-25)",NEW,"Titan Lake CPU 4P+8E Ext Die","Sort PO*","2027-07-02T00:00:00.000Z","202727",N/A,N/A,N/A
"Rev 1 (2025-11-25)",NEW,"Nova Lake PCD-S Die","Sort PO*","2026-03-12T00:00:00.000Z","202611",N/A,N/A,N/A
"Rev 1 (2025-11-25)",NEW,"Titan Lake CPU 4P+8E Ext Die","Tape In","2027-03-26T00:00:00.000Z","202713",N/A,N/A,N/A
"Rev 1 (2025-11-25)",NEW,"Titan Lake HL Product","PRQ","2028-11-04T00:00:00.000Z","202845",N/A,N/A,N/A
"Rev 1 (2025-11-25)",NEW,"Nova Lake PCD-S Die","Tape In","2025-12-04T00:00:00.000Z","202549",N/A,N/A,N/A
"Rev 1 (2025-11-25)",NEW,"Titan Lake PCD-H Die","Tape In","2027-01-15T00:00:00.000Z","202703",N/A,N/A,N/A
"Rev 1 (2025-11-25)",NEW,"Titan Lake HPX Product","PO Start","2028-06-10T00:00:00.000Z","202824",N/A,N/A,N/A
"Rev 1 (2025-11-25)",NEW,"Titan Lake BX Product","PO Start","2027-07-23T00:00:00.000Z","202730",N/A,N/A,N/A
"Rev 1 (2025-11-25)",NEW,"Titan Lake HM Product","PO Start","2028-07-08T00:00:00.000Z","202828",N/A,N/A,N/A
"Rev 1 (2025-11-25)",NEW,"Titan Lake CPU 4P+8E Ext Die","Sort PO*","2028-03-31T00:00:00.000Z","202814",N/A,N/A,N/A
"Rev 1 (2025-11-25)",NEW,"Titan Lake HPX Product","PRQ","2028-10-21T00:00:00.000Z","202843",N/A,N/A,N/A
"Rev 1 (2025-11-25)",NEW,"Titan Lake PCD-H Die","Tape In","2027-10-01T00:00:00.000Z","202740",N/A,N/A,N/A
"Rev 1 (2025-11-25)",NEW,"Titan Lake HM Product","PO Start","2027-03-05T00:00:00.000Z","202710",N/A,N/A,N/A
"Rev 1 (2025-11-25)",NEW,"Titan Lake HPX Product","PO Start","2028-02-05T00:00:00.000Z","202806",N/A,N/A,N/A
"Rev 1 (2025-11-25)",NEW,"Titan Lake CPU 4P+8E Ext Die","Tape In","2027-12-24T00:00:00.000Z","202752",N/A,N/A,N/A
"Rev 1 (2025-11-25)",NEW,"Titan Lake B Product","PRQ","2028-06-24T00:00:00.000Z","202826",N/A,N/A,N/A
"Rev 1 (2025-11-25)",NEW,"Titan Lake BX Product","PO Start","2027-07-16T00:00:00.000Z","202729",N/A,N/A,N/A
"Rev 1 (2025-11-25)",REMOVED,"Titan Lake HM Product","PRQ","2028-09-02T00:00:00.000Z","202836",N/A,N/A,N/A
"Rev 1 (2025-11-25)",REMOVED,"Titan Lake HM Product","PO Start","2028-04-15T00:00:00.000Z","202816",N/A,N/A,N/A
"Rev 1 (2025-11-25)",REMOVED,"Nova Lake P Product","PRQ","2027-02-04T00:00:00.000Z","202706",N/A,N/A,N/A
"Rev 1 (2025-11-25)",REMOVED,"Razor Lake CPU 4P+8E Ext Die","Sort PO*","2027-05-21T00:00:00.000Z","202721",N/A,N/A,N/A
"Rev 1 (2025-11-25)",REMOVED,"Titan Lake HPX Product","PO Start","2028-04-29T00:00:00.000Z","202818",N/A,N/A,N/A
"Rev 1 (2025-11-25)",REMOVED,"Titan Lake PCD-H Die","Tape In","2026-12-11T00:00:00.000Z","202650",N/A,N/A,N/A
"Rev 1 (2025-11-25)",REMOVED,"Titan Lake PCD-H Die","Tape In","2027-10-29T00:00:00.000Z","202744",N/A,N/A,N/A
"Rev 1 (2025-11-25)",REMOVED,"Titan Lake HL Product","PRQ","2028-09-30T00:00:00.000Z","202840",N/A,N/A,N/A
"Rev 1 (2025-11-25)",REMOVED,"Titan Lake PCD-H Die","Sort PO*","2027-03-19T00:00:00.000Z","202712",N/A,N/A,N/A
"Rev 1 (2025-11-25)",REMOVED,"Nova Lake PCD-S Die","Tape In","2025-11-28T00:00:00.000Z","202548",N/A,N/A,N/A
"Rev 1 (2025-11-25)",REMOVED,"Titan Lake HM Product","PO Start","2027-06-04T00:00:00.000Z","202723",N/A,N/A,N/A
"Rev 1 (2025-11-25)",REMOVED,"Nova Lake P Product","PO Start","2026-09-24T00:00:00.000Z","202639",N/A,N/A,N/A
"Rev 1 (2025-11-25)",REMOVED,"Razor Lake CPU 4P+8E Ext Die","Tape In","2027-02-12T00:00:00.000Z","202707",N/A,N/A,N/A
"Rev 1 (2025-11-25)",REMOVED,"Titan Lake HPX Product","PO Start","2028-12-16T00:00:00.000Z","202851",N/A,N/A,N/A
"Rev 1 (2025-11-25)",REMOVED,"Nova Lake PCD-S Die","Sort PO*","2026-03-06T00:00:00.000Z","202610",N/A,N/A,N/A
"Rev 1 (2025-11-25)",REMOVED,"Nova Lake P Product","QS","2026-12-17T00:00:00.000Z","202651",N/A,N/A,N/A
"Rev 1 (2025-11-25)",REMOVED,"Titan Lake PCD-H Die","Sort PO*","2028-02-04T00:00:00.000Z","202806",N/A,N/A,N/A
"Rev 2 (2026-04-21)",NEW,"Nova Lake PCH-S Product","PRQ","2026-10-01T00:00:00.000Z","202640",N/A,N/A,N/A
"Rev 2 (2026-04-21)",NEW,"Nova Lake MH-AX 4LPE Die","Tape In","2026-03-05T00:00:00.000Z","202610",N/A,N/A,N/A
"Rev 2 (2026-04-21)",NEW,"Nova Lake PCD-H Die","Tape In","2026-02-05T00:00:00.000Z","202606",N/A,N/A,N/A
"Rev 2 (2026-04-21)",NEW,"Titan Lake B Product","PO Start","2028-07-08T00:00:00.000Z","202828",N/A,N/A,N/A
"Rev 2 (2026-04-21)",NEW,"NVL S 28C 95W (Dunlow) Product","PRQ","2027-01-22T00:00:00.000Z","202704",N/A,N/A,N/A
"Rev 2 (2026-04-21)",NEW,"Titan Lake HUB-BX 4LPE Die","Tape In","2027-06-25T00:00:00.000Z","202726",N/A,N/A,N/A
"Rev 2 (2026-04-21)",NEW,"Razor Lake HX Product","PO Start","2026-12-17T00:00:00.000Z","202651",N/A,N/A,N/A
"Rev 2 (2026-04-21)",NEW,"PIXE3pv4 8Xe Die","Tape In","2027-09-10T00:00:00.000Z","202737",N/A,N/A,N/A
"Rev 2 (2026-04-21)",NEW,"Titan Lake HUB-P 4LPE Die","Sort PO*","2027-12-17T00:00:00.000Z","202751",N/A,N/A,N/A
"Rev 2 (2026-04-21)",NEW,"PIXE3pv4 16Xe Die","Sort PO*","2027-10-15T00:00:00.000Z","202742",N/A,N/A,N/A
"Rev 2 (2026-04-21)",NEW,"Razor Lake CPU 8P+16E Die","Sort PO*","2027-06-10T00:00:00.000Z","202724",N/A,N/A,N/A
"Rev 2 (2026-04-21)",NEW,"Nova Lake H Product","PO Start","2026-01-15T00:00:00.000Z","202603",N/A,N/A,N/A
"Rev 2 (2026-04-21)",NEW,"Nova Lake U Product","PRQ","2026-11-19T00:00:00.000Z","202647",N/A,N/A,N/A
"Rev 2 (2026-04-21)",NEW,"Titan Lake HUB-BX 4LPE Die","Tape In","2028-02-12T00:00:00.000Z","202807",N/A,N/A,N/A
"Rev 2 (2026-04-21)",NEW,"NVL S 16C (Dunlow) Product","PO Start","2026-11-13T00:00:00.000Z","202646",N/A,N/A,N/A
"Rev 2 (2026-04-21)",NEW,"Titan Lake CPU 4P+0E Int Die","Tape In","2028-02-05T00:00:00.000Z","202806",N/A,N/A,N/A
"Rev 2 (2026-04-21)",NEW,"Razor Lake S 28C Product","PO Start","2026-11-12T00:00:00.000Z","202646",N/A,N/A,N/A
"Rev 2 (2026-04-21)",NEW,"Titan Lake CPU 4P+8E Int Die","Tape In","2027-04-23T00:00:00.000Z","202717",N/A,N/A,N/A
"Rev 2 (2026-04-21)",NEW,"Nova Lake S 16C BLLC Product","QS","2028-03-25T00:00:00.000Z","202813",N/A,N/A,N/A
"Rev 2 (2026-04-21)",NEW,"PIXE3plus-AX 512EU Die","Sort PO*","2026-07-10T00:00:00.000Z","202628",N/A,N/A,N/A
"Rev 2 (2026-04-21)",NEW,"Nova Lake CPU 4P+8E Ext Die","Tape In","2026-02-05T00:00:00.000Z","202606",N/A,N/A,N/A
"Rev 2 (2026-04-21)",NEW,"Nova Lake S 28C BLLC Product","PO Start","2026-07-31T00:00:00.000Z","202631",N/A,N/A,N/A
"Rev 2 (2026-04-21)",NEW,"Titan Lake PCD-H Die","Sort PO*","2027-07-23T00:00:00.000Z","202730",N/A,N/A,N/A
"Rev 2 (2026-04-21)",NEW,"Nova Lake CPU 8P+16E Ext Die","Tape In","2026-02-12T00:00:00.000Z","202607",N/A,N/A,N/A
"Rev 2 (2026-04-21)",NEW,"Nova Lake CPU 4P+0E Int Die","Tape In","2026-01-08T00:00:00.000Z","202602",N/A,N/A,N/A
"Rev 2 (2026-04-21)",NEW,"Titan Lake B Product","PRQ","2028-11-25T00:00:00.000Z","202848",N/A,N/A,N/A
"Rev 2 (2026-04-21)",NEW,"Nova Lake S 28C Product","PO Start","2025-11-13T00:00:00.000Z","202546",N/A,N/A,N/A
"Rev 2 (2026-04-21)",NEW,"Titan Lake B Product","PRQ","2028-08-26T00:00:00.000Z","202835",N/A,N/A,N/A
"Rev 2 (2026-04-21)",NEW,"Nova Lake HX Product","PO Start","2026-02-19T00:00:00.000Z","202608",N/A,N/A,N/A
"Rev 2 (2026-04-21)",NEW,"Nova Lake S 16C BLLC Product","PRQ","2028-05-06T00:00:00.000Z","202819",N/A,N/A,N/A
"Rev 2 (2026-04-21)",NEW,"Titan Lake HUB-P 4LPE Die","Sort PO*","2028-07-01T00:00:00.000Z","202827",N/A,N/A,N/A
"Rev 2 (2026-04-21)",NEW,"Nova Lake AX Product","PO Start","2026-09-03T00:00:00.000Z","202636",N/A,N/A,N/A
"Rev 2 (2026-04-21)",NEW,"Titan Lake CPU 4P+8E Int Die","Tape In","2028-01-22T00:00:00.000Z","202804",N/A,N/A,N/A
"Rev 2 (2026-04-21)",NEW,"Nova Lake S 28C Product","PRQ","2026-10-09T00:00:00.000Z","202641",N/A,N/A,N/A
"Rev 2 (2026-04-21)",NEW,"PIXE3plus-AX 512EU Die","Sort PO*","2027-03-05T00:00:00.000Z","202710",N/A,N/A,N/A
"Rev 2 (2026-04-21)",NEW,"Nova Lake S 28C BLLC Product","QS","2026-09-18T00:00:00.000Z","202638",N/A,N/A,N/A
"Rev 2 (2026-04-21)",NEW,"Titan Lake CPU 4P+0E Int Die","Sort PO*","2028-05-13T00:00:00.000Z","202820",N/A,N/A,N/A
"Rev 2 (2026-04-21)",NEW,"Titan Lake CPU 4P+8E Int Die","Sort PO*","2028-04-29T00:00:00.000Z","202818",N/A,N/A,N/A
"Rev 2 (2026-04-21)",NEW,"Nova Lake S 16C 12Xe Product","PO Start","2027-01-29T00:00:00.000Z","202705",N/A,N/A,N/A
"Rev 2 (2026-04-21)",NEW,"Razor Lake UL Product","PO Start","2027-03-05T00:00:00.000Z","202710",N/A,N/A,N/A
"Rev 2 (2026-04-21)",NEW,"Nova Lake S 16C Product","PO Start","2026-08-07T00:00:00.000Z","202632",N/A,N/A,N/A
"Rev 2 (2026-04-21)",NEW,"Titan Lake HUB-BX 4LPE Die","Sort PO*","2028-05-20T00:00:00.000Z","202821",N/A,N/A,N/A
"Rev 2 (2026-04-21)",NEW,"Nova Lake HX Int Product","ES1","2026-03-05T00:00:00.000Z","202610",N/A,N/A,N/A
"Rev 2 (2026-04-21)",NEW,"Titan Lake BX Product","PRQ","2028-07-29T00:00:00.000Z","202831",N/A,N/A,N/A
"Rev 2 (2026-04-21)",NEW,"NVL S 52C BLLC (Dunlow) Product","QS","2027-06-10T00:00:00.000Z","202724",N/A,N/A,N/A
"Rev 2 (2026-04-21)",NEW,"Nova Lake HX Product","PRQ","2027-01-28T00:00:00.000Z","202705",N/A,N/A,N/A
"Rev 2 (2026-04-21)",NEW,"PIXE3-H 64EU Die","Tape In","2026-01-30T00:00:00.000Z","202605",N/A,N/A,N/A
"Rev 2 (2026-04-21)",NEW,"Nova Lake CPU 4P+8E Int Die","Tape In","2025-07-31T00:00:00.000Z","202531",N/A,N/A,N/A
"Rev 2 (2026-04-21)",NEW,"PIXE3pv4 16Xe Die","Tape In","2027-07-09T00:00:00.000Z","202728",N/A,N/A,N/A
"Rev 2 (2026-04-21)",NEW,"Titan Lake HUB-P 4LPE Die","Tape In","2028-03-25T00:00:00.000Z","202813",N/A,N/A,N/A
"Rev 2 (2026-04-21)",NEW,"Nova Lake CPU 8P+16E Ext Die","Sort PO*","2026-03-26T00:00:00.000Z","202613",N/A,N/A,N/A
"Rev 2 (2026-04-21)",NEW,"Titan Lake HM Product","PO Start","2028-02-19T00:00:00.000Z","202808",N/A,N/A,N/A
"Rev 2 (2026-04-21)",NEW,"PIXE3pv4 4Xe Die","Tape In","2027-08-27T00:00:00.000Z","202735",N/A,N/A,N/A
"Rev 2 (2026-04-21)",NEW,"Nova Lake PCD-S Die","Sort PO*","2026-07-03T00:00:00.000Z","202627",N/A,N/A,N/A
"Rev 2 (2026-04-21)",NEW,"Nova Lake U Product","PO Start","2026-06-25T00:00:00.000Z","202626",N/A,N/A,N/A
"Rev 2 (2026-04-21)",NEW,"Nova Lake MH-AX 4LPE Die","Sort PO*","2026-06-11T00:00:00.000Z","202624",N/A,N/A,N/A
"Rev 2 (2026-04-21)",NEW,"Nova Lake PCH-S Die","Sort PO*","2026-05-14T00:00:00.000Z","202620",N/A,N/A,N/A
"Rev 2 (2026-04-21)",NEW,"Nova Lake S 28C Product","QS","2026-09-25T00:00:00.000Z","202639",N/A,N/A,N/A
"Rev 2 (2026-04-21)",NEW,"Nova Lake PCD-S Die","Tape In","2026-03-27T00:00:00.000Z","202613",N/A,N/A,N/A
"Rev 2 (2026-04-21)",NEW,"Nova Lake S 16C Product","QS","2026-11-13T00:00:00.000Z","202646",N/A,N/A,N/A
"Rev 2 (2026-04-21)",NEW,"NVL S 28C 95W (Dunlow) Product","PO Start","2026-08-28T00:00:00.000Z","202635",N/A,N/A,N/A
"Rev 2 (2026-04-21)",NEW,"Nova Lake PCD-H Die","Sort PO*","2026-05-14T00:00:00.000Z","202620",N/A,N/A,N/A
"Rev 2 (2026-04-21)",NEW,"Razor Lake CPU 8P+16E Die","Tape In","2026-06-18T00:00:00.000Z","202625",N/A,N/A,N/A
"Rev 2 (2026-04-21)",NEW,"Razor Lake UL Product","PRQ","2028-04-29T00:00:00.000Z","202818",N/A,N/A,N/A
"Rev 2 (2026-04-21)",NEW,"Nova Lake S 16C Product","PRQ","2027-01-01T00:00:00.000Z","202653",N/A,N/A,N/A
"Rev 2 (2026-04-21)",NEW,"NVL S 28C 95W (Dunlow) Product","PO Start","2026-03-12T00:00:00.000Z","202611",N/A,N/A,N/A
"Rev 2 (2026-04-21)",NEW,"Nova Lake CPU 12P+0E BLLC Int Die","Sort PO*","2027-08-20T00:00:00.000Z","202734",N/A,N/A,N/A
"Rev 2 (2026-04-21)",NEW,"Nova Lake S 16C 12Xe Product","PRQ","2027-07-09T00:00:00.000Z","202728",N/A,N/A,N/A
"Rev 2 (2026-04-21)",NEW,"Nova Lake CPU 4P+8E Ext Die","Sort PO*","2026-05-14T00:00:00.000Z","202620",N/A,N/A,N/A
"Rev 2 (2026-04-21)",NEW,"PIXE3pv4 8Xe Die","Sort PO*","2027-12-17T00:00:00.000Z","202751",N/A,N/A,N/A
"Rev 2 (2026-04-21)",NEW,"Nova Lake CPU 4P+0E Int Die","Sort PO*","2026-04-16T00:00:00.000Z","202616",N/A,N/A,N/A
"Rev 2 (2026-04-21)",NEW,"Razor Lake HX Product","ES1","2027-05-27T00:00:00.000Z","202722",N/A,N/A,N/A
"Rev 2 (2026-04-21)",NEW,"Titan Lake HUB-P 4LPE Die","Tape In","2027-09-10T00:00:00.000Z","202737",N/A,N/A,N/A
"Rev 2 (2026-04-21)",NEW,"Nova Lake CPU 8P+16E BLLC Ext Die","Sort PO*","2026-04-02T00:00:00.000Z","202614",N/A,N/A,N/A
"Rev 2 (2026-04-21)",NEW,"Nova Lake H Product","QS","2026-10-29T00:00:00.000Z","202644",N/A,N/A,N/A
"Rev 2 (2026-04-21)",NEW,"Nova Lake CPU 8P+16E BLLC Ext Die","Tape In","2025-12-25T00:00:00.000Z","202552",N/A,N/A,N/A
"Rev 2 (2026-04-21)",NEW,"Titan Lake BX Product","PRQ","2028-10-14T00:00:00.000Z","202842",N/A,N/A,N/A
"Rev 2 (2026-04-21)",NEW,"Titan Lake HL Product","PO Start","2028-06-24T00:00:00.000Z","202826",N/A,N/A,N/A
"Rev 2 (2026-04-21)",NEW,"Nova Lake S 28C BLLC Product","PRQ","2026-11-06T00:00:00.000Z","202645",N/A,N/A,N/A
"Rev 2 (2026-04-21)",NEW,"Titan Lake BX Product","PO Start","2028-05-27T00:00:00.000Z","202822",N/A,N/A,N/A
"Rev 2 (2026-04-21)",NEW,"Razor Lake CPU 2P+0E Int Die","Tape In","2027-07-09T00:00:00.000Z","202728",N/A,N/A,N/A
"Rev 2 (2026-04-21)",NEW,"NVL S 8C (Dunlow) Product","QS","2027-04-15T00:00:00.000Z","202716",N/A,N/A,N/A
"Rev 2 (2026-04-21)",NEW,"PIXE3plus-AX 512EU Die","Tape In","2026-11-27T00:00:00.000Z","202648",N/A,N/A,N/A
"Rev 2 (2026-04-21)",NEW,"Nova Lake S 28C Product","PO Start","2026-07-17T00:00:00.000Z","202629",N/A,N/A,N/A
"Rev 2 (2026-04-21)",NEW,"Razor Lake CPU 4P+8E Ext Die","Tape In","2027-06-11T00:00:00.000Z","202724",N/A,N/A,N/A
"Rev 2 (2026-04-21)",NEW,"Razor Lake CPU 8P+16E Die","Sort PO*","2026-09-24T00:00:00.000Z","202639",N/A,N/A,N/A
"Rev 2 (2026-04-21)",NEW,"Titan Lake BX Product","PO Start","2027-11-05T00:00:00.000Z","202745",N/A,N/A,N/A
"Rev 2 (2026-04-21)",NEW,"Nova Lake CPU 8P+16E Ext Die","Tape In","2025-12-18T00:00:00.000Z","202551",N/A,N/A,N/A
"Rev 2 (2026-04-21)",NEW,"Razor Lake UL Product","QS","2028-03-18T00:00:00.000Z","202812",N/A,N/A,N/A
"Rev 2 (2026-04-21)",NEW,"PIXE3-H 64EU Die","Sort PO*","2026-05-08T00:00:00.000Z","202619",N/A,N/A,N/A
"Rev 2 (2026-04-21)",NEW,"Nova Lake HX Product","QS","2026-12-10T00:00:00.000Z","202650",N/A,N/A,N/A
"Rev 2 (2026-04-21)",NEW,"Nova Lake Hub 4LPE Die","Tape In","2026-01-08T00:00:00.000Z","202602",N/A,N/A,N/A
"Rev 2 (2026-04-21)",NEW,"Nova Lake CPU 2P+0E Int Die","Sort PO*","2026-07-09T00:00:00.000Z","202628",N/A,N/A,N/A
"Rev 2 (2026-04-21)",NEW,"NVL S 8C (Dunlow) Product","PRQ","2027-06-03T00:00:00.000Z","202723",N/A,N/A,N/A
"Rev 2 (2026-04-21)",NEW,"Titan Lake PCD-H Die","Tape In","2028-01-15T00:00:00.000Z","202803",N/A,N/A,N/A
"Rev 2 (2026-04-21)",NEW,"Nova Lake CPU 12P+0E BLLC Int Die","Tape In","2027-05-14T00:00:00.000Z","202720",N/A,N/A,N/A
"Rev 2 (2026-04-21)",NEW,"Nova Lake Hub 4LPE Die","Sort PO*","2026-04-16T00:00:00.000Z","202616",N/A,N/A,N/A
"Rev 2 (2026-04-21)",NEW,"NVL S 28C 95W (Dunlow) Product","QS","2026-12-11T00:00:00.000Z","202650",N/A,N/A,N/A
"Rev 2 (2026-04-21)",NEW,"Nova Lake S 8C Product","PO Start","2026-08-21T00:00:00.000Z","202634",N/A,N/A,N/A
"Rev 2 (2026-04-21)",NEW,"Nova Lake S 8C Product","QS","2026-11-27T00:00:00.000Z","202648",N/A,N/A,N/A
"Rev 2 (2026-04-21)",NEW,"Titan Lake HPX Product","QS","2028-09-02T00:00:00.000Z","202836",N/A,N/A,N/A
"Rev 2 (2026-04-21)",NEW,"Nova Lake Hub 4LPE Die","Sort PO*","2026-07-10T00:00:00.000Z","202628",N/A,N/A,N/A
"Rev 2 (2026-04-21)",NEW,"Nova Lake CPU 4P+8E Int Die","Tape In","2025-12-04T00:00:00.000Z","202549",N/A,N/A,N/A
"Rev 2 (2026-04-21)",NEW,"Titan Lake PCD-H Die","Tape In","2027-04-16T00:00:00.000Z","202716",N/A,N/A,N/A
"Rev 2 (2026-04-21)",NEW,"Nova Lake CPU 2P+0E Int Die","Tape In","2026-04-02T00:00:00.000Z","202614",N/A,N/A,N/A
"Rev 2 (2026-04-21)",NEW,"Razor Lake CPU 2P+0E Int Die","Sort PO*","2027-10-15T00:00:00.000Z","202742",N/A,N/A,N/A
"Rev 2 (2026-04-21)",NEW,"Nova Lake PCH-S Die","Tape In","2026-02-05T00:00:00.000Z","202606",N/A,N/A,N/A
"Rev 2 (2026-04-21)",NEW,"NVL S 52C BLLC (Dunlow) Product","PO Start","2027-03-04T00:00:00.000Z","202710",N/A,N/A,N/A
"Rev 2 (2026-04-21)",NEW,"Titan Lake HUB-BX 4LPE Die","Sort PO*","2027-10-01T00:00:00.000Z","202740",N/A,N/A,N/A
"Rev 2 (2026-04-21)",NEW,"Nova Lake S 16C 12Xe Product","QS","2027-05-28T00:00:00.000Z","202722",N/A,N/A,N/A
"Rev 2 (2026-04-21)",NEW,"Titan Lake B Product","PO Start","2028-02-12T00:00:00.000Z","202807",N/A,N/A,N/A
"Rev 2 (2026-04-21)",NEW,"Nova Lake U Product","QS","2026-10-01T00:00:00.000Z","202640",N/A,N/A,N/A
"Rev 2 (2026-04-21)",NEW,"Nova Lake S 28C Product","QS","2026-08-21T00:00:00.000Z","202634",N/A,N/A,N/A
"Rev 2 (2026-04-21)",NEW,"Nova Lake S 28C Product","PO Start","2026-05-08T00:00:00.000Z","202619",N/A,N/A,N/A
"Rev 2 (2026-04-21)",NEW,"Nova Lake Hub 4LPE Die","Tape In","2026-04-03T00:00:00.000Z","202614",N/A,N/A,N/A
"Rev 2 (2026-04-21)",NEW,"Nova Lake PCH-S Product","QS","2026-10-01T00:00:00.000Z","202640",N/A,N/A,N/A
"Rev 2 (2026-04-21)",NEW,"PIXE3plus-AX 512EU Die","Tape In","2026-04-03T00:00:00.000Z","202614",N/A,N/A,N/A
"Rev 2 (2026-04-21)",NEW,"Nova Lake CPU 8P+16E Ext Die","Sort PO*","2026-05-21T00:00:00.000Z","202621",N/A,N/A,N/A
"Rev 2 (2026-04-21)",NEW,"Razor Lake S 28C Product","ES1","2027-04-22T00:00:00.000Z","202717",N/A,N/A,N/A
"Rev 2 (2026-04-21)",NEW,"Nova Lake H Product","PRQ","2026-12-17T00:00:00.000Z","202651",N/A,N/A,N/A
"Rev 2 (2026-04-21)",NEW,"Nova Lake S 28C Product","ES2","2026-04-10T00:00:00.000Z","202615",N/A,N/A,N/A
"Rev 2 (2026-04-21)",NEW,"NVL S 16C (Dunlow) Product","PRQ","2027-03-26T00:00:00.000Z","202713",N/A,N/A,N/A
"Rev 2 (2026-04-21)",NEW,"NVL S 28C 95W (Dunlow) Product","ES2","2026-07-16T00:00:00.000Z","202629",N/A,N/A,N/A
"Rev 2 (2026-04-21)",NEW,"Titan Lake PCD-H Die","Sort PO*","2028-04-22T00:00:00.000Z","202817",N/A,N/A,N/A
"Rev 2 (2026-04-21)",NEW,"Titan Lake BX Product","QS","2028-06-10T00:00:00.000Z","202824",N/A,N/A,N/A
"Rev 2 (2026-04-21)",NEW,"Razor Lake CPU 2P+0E Int Die","Sort PO*","2027-01-08T00:00:00.000Z","202702",N/A,N/A,N/A
"Rev 2 (2026-04-21)",NEW,"Nova Lake PCH-S Product","PO Start","2026-04-30T00:00:00.000Z","202618",N/A,N/A,N/A
"Rev 2 (2026-04-21)",NEW,"Razor Lake CPU 8P+16E Die","Tape In","2027-03-04T00:00:00.000Z","202710",N/A,N/A,N/A
"Rev 2 (2026-04-21)",NEW,"Razor Lake CPU 4P+8E Ext Die","Sort PO*","2027-09-17T00:00:00.000Z","202738",N/A,N/A,N/A
"Rev 2 (2026-04-21)",NEW,"Nova Lake S 28C BLLC Product","PO Start","2026-05-29T00:00:00.000Z","202622",N/A,N/A,N/A
"Rev 2 (2026-04-21)",NEW,"NVL S 52C BLLC (Dunlow) Product","PRQ","2027-07-29T00:00:00.000Z","202731",N/A,N/A,N/A
"Rev 2 (2026-04-21)",NEW,"PIXE3pv4 4Xe Die","Sort PO*","2027-12-03T00:00:00.000Z","202749",N/A,N/A,N/A
"Rev 2 (2026-04-21)",NEW,"Titan Lake HM Product","QS","2028-09-30T00:00:00.000Z","202840",N/A,N/A,N/A
"Rev 2 (2026-04-21)",NEW,"Nova Lake S 8C Product","PRQ","2027-01-15T00:00:00.000Z","202703",N/A,N/A,N/A
"Rev 2 (2026-04-21)",NEW,"Razor Lake CPU 2P+0E Int Die","Tape In","2026-10-02T00:00:00.000Z","202640",N/A,N/A,N/A
"Rev 2 (2026-04-21)",NEW,"Nova Lake HX Product","PO Start","2026-08-27T00:00:00.000Z","202635",N/A,N/A,N/A
"Rev 2 (2026-04-21)",NEW,"Nova Lake H Product","PO Start","2026-07-23T00:00:00.000Z","202630",N/A,N/A,N/A
"Rev 2 (2026-04-21)",NEW,"Titan Lake HPX Debug Package","PO Start","2027-09-10T00:00:00.000Z","202737",N/A,N/A,N/A
"Rev 2 (2026-04-21)",NEW,"Nova Lake S 16C BLLC Product","PO Start","2027-11-26T00:00:00.000Z","202748",N/A,N/A,N/A
"Rev 2 (2026-04-21)",NEW,"Titan Lake CPU 4P+8E Int Die","Sort PO*","2027-07-30T00:00:00.000Z","202731",N/A,N/A,N/A
"Rev 2 (2026-04-21)",NEW,"Nova Lake PCH-S Product","QS","2026-08-13T00:00:00.000Z","202633",N/A,N/A,N/A
"Rev 2 (2026-04-21)",NEW,"Nova Lake PCH-S Product","PRQ","2026-11-19T00:00:00.000Z","202647",N/A,N/A,N/A
"Rev 2 (2026-04-21)",NEW,"Nova Lake CPU 4P+8E Int Die","Sort PO*","2026-03-12T00:00:00.000Z","202611",N/A,N/A,N/A
"Rev 2 (2026-04-21)",NEW,"Nova Lake S 16C Product","PO Start","2026-02-12T00:00:00.000Z","202607",N/A,N/A,N/A
"Rev 2 (2026-04-21)",NEW,"Razor Lake UL Product","PO Start","2027-12-03T00:00:00.000Z","202749",N/A,N/A,N/A
"Rev 2 (2026-04-21)",NEW,"Titan Lake HL Product","QS","2028-09-16T00:00:00.000Z","202838",N/A,N/A,N/A
"Rev 2 (2026-04-21)",NEW,"Nova Lake CPU 4P+8E Int Die","Sort PO*","2025-11-06T00:00:00.000Z","202545",N/A,N/A,N/A
"Rev 2 (2026-04-21)",NEW,"NVL S 16C (Dunlow) Product","QS","2027-02-12T00:00:00.000Z","202707",N/A,N/A,N/A
"Rev 2 (2026-04-21)",NEW,"NVL S 8C (Dunlow) Product","PO Start","2027-01-07T00:00:00.000Z","202702",N/A,N/A,N/A
"Rev 2 (2026-04-21)",NEW,"Titan Lake HPX Product","PO Start","2028-01-29T00:00:00.000Z","202805",N/A,N/A,N/A
"Rev 2 (2026-04-21)",REMOVED,"Titan Lake HUB-BX Die","Tape In","2027-02-26T00:00:00.000Z","202709",N/A,N/A,N/A
"Rev 2 (2026-04-21)",REMOVED,"Nova Lake S 52C BLLC (Dunlow) Product","PO Start","2027-03-04T00:00:00.000Z","202710",N/A,N/A,N/A
"Rev 2 (2026-04-21)",REMOVED,"Nova Lake PCH-S Product","QS","2026-09-17T00:00:00.000Z","202638",N/A,N/A,N/A
"Rev 2 (2026-04-21)",REMOVED,"Nova Lake S 28C BLLC Product","QS","2026-10-22T00:00:00.000Z","202643",N/A,N/A,N/A
"Rev 2 (2026-04-21)",REMOVED,"Nova Lake U Product","QS","2026-09-17T00:00:00.000Z","202638",N/A,N/A,N/A
"Rev 2 (2026-04-21)",REMOVED,"Nova Lake H Product","PRQ","2026-12-03T00:00:00.000Z","202649",N/A,N/A,N/A
"Rev 2 (2026-04-21)",REMOVED,"Razor Lake UL Product","PO Start","2027-02-12T00:00:00.000Z","202707",N/A,N/A,N/A
"Rev 2 (2026-04-21)",REMOVED,"Razor Lake CPU 2P+0E Int Die","Sort PO*","2027-09-10T00:00:00.000Z","202737",N/A,N/A,N/A
"Rev 2 (2026-04-21)",REMOVED,"Titan Lake PCD-H Die","Sort PO*","2027-04-23T00:00:00.000Z","202717",N/A,N/A,N/A
"Rev 2 (2026-04-21)",REMOVED,"Nova Lake S 28C (Dunlow) Product","PRQ","2027-05-06T00:00:00.000Z","202719",N/A,N/A,N/A
"Rev 2 (2026-04-21)",REMOVED,"Nova Lake CPU 4P+0E Int Die","Sort PO*","2026-04-09T00:00:00.000Z","202615",N/A,N/A,N/A
"Rev 2 (2026-04-21)",REMOVED,"Nova Lake PCH-S Product","PRQ","2026-11-05T00:00:00.000Z","202645",N/A,N/A,N/A
"Rev 2 (2026-04-21)",REMOVED,"Razor Lake CPU 8P+16E Die","Sort PO*","2027-05-14T00:00:00.000Z","202720",N/A,N/A,N/A
"Rev 2 (2026-04-21)",REMOVED,"Nova Lake AX Product","PO Start","2026-08-21T00:00:00.000Z","202634",N/A,N/A,N/A
"Rev 2 (2026-04-21)",REMOVED,"Nova Lake PCH-S Product","PO Start","2026-05-21T00:00:00.000Z","202621",N/A,N/A,N/A
"Rev 2 (2026-04-21)",REMOVED,"Razor Lake CPU 8P+16E Die","Tape In","2027-02-05T00:00:00.000Z","202706",N/A,N/A,N/A
"Rev 2 (2026-04-21)",REMOVED,"PIXE3pv4 4Xe Die","Sort PO*","2028-02-04T00:00:00.000Z","202806",N/A,N/A,N/A
"Rev 2 (2026-04-21)",REMOVED,"Nova Lake H Product","QS","2026-10-15T00:00:00.000Z","202642",N/A,N/A,N/A
"Rev 2 (2026-04-21)",REMOVED,"Razor Lake HX Product","ES1","2027-04-09T00:00:00.000Z","202715",N/A,N/A,N/A
"Rev 2 (2026-04-21)",REMOVED,"Nova Lake S 16C (Dunlow) Product","PO Start","2027-01-07T00:00:00.000Z","202702",N/A,N/A,N/A
"Rev 2 (2026-04-21)",REMOVED,"Razor Lake CPU 4P+8E Ext Die","Sort PO*","2027-07-30T00:00:00.000Z","202731",N/A,N/A,N/A
"Rev 2 (2026-04-21)",REMOVED,"Nova Lake H Product","PO Start","2026-07-09T00:00:00.000Z","202628",N/A,N/A,N/A
"Rev 2 (2026-04-21)",REMOVED,"PIXE3plus-AX 512EU Die","Sort PO*","2027-02-19T00:00:00.000Z","202708",N/A,N/A,N/A
"Rev 2 (2026-04-21)",REMOVED,"Nova Lake U Product","PO Start","2026-06-11T00:00:00.000Z","202624",N/A,N/A,N/A
"Rev 2 (2026-04-21)",REMOVED,"PIXE3pv4 4Xe Die","Tape In","2027-10-29T00:00:00.000Z","202744",N/A,N/A,N/A
"Rev 2 (2026-04-21)",REMOVED,"Nova Lake CPU 2P+0E Int Die","Tape In","2026-03-27T00:00:00.000Z","202613",N/A,N/A,N/A
"Rev 2 (2026-04-21)",REMOVED,"Nova Lake H Product","PO Start","2026-01-29T00:00:00.000Z","202605",N/A,N/A,N/A
"Rev 2 (2026-04-21)",REMOVED,"Nova Lake S 16C Product","QS","2026-10-29T00:00:00.000Z","202644",N/A,N/A,N/A
"Rev 2 (2026-04-21)",REMOVED,"Nova Lake HX Product","PO Start","2026-02-26T00:00:00.000Z","202609",N/A,N/A,N/A
"Rev 2 (2026-04-21)",REMOVED,"Nova Lake CPU 8P+16E Ext Die","Tape In","2025-12-04T00:00:00.000Z","202549",N/A,N/A,N/A
"Rev 2 (2026-04-21)",REMOVED,"PIXE3plus-AX 512EU Die","Sort PO*","2026-06-12T00:00:00.000Z","202624",N/A,N/A,N/A
"Rev 2 (2026-04-21)",REMOVED,"PIXE3-H 64EU Die","Sort PO*","2026-04-23T00:00:00.000Z","202617",N/A,N/A,N/A
"Rev 2 (2026-04-21)",REMOVED,"Nova Lake CPU 8P+16E Ext Die","Sort PO*","2026-05-07T00:00:00.000Z","202619",N/A,N/A,N/A
"Rev 2 (2026-04-21)",REMOVED,"Nova Lake S 16C Product","PRQ","2026-12-17T00:00:00.000Z","202651",N/A,N/A,N/A
"Rev 2 (2026-04-21)",REMOVED,"Nova Lake CPU 8P+16E BLLC Ext Die","Tape In","2025-12-11T00:00:00.000Z","202550",N/A,N/A,N/A
"Rev 2 (2026-04-21)",REMOVED,"Razor Lake CPU 4P+8E Ext Die","Tape In","2027-04-23T00:00:00.000Z","202717",N/A,N/A,N/A
"Rev 2 (2026-04-21)",REMOVED,"Hammer Lake CPU 8P+16E Ext Die","Sort PO*","2028-10-28T00:00:00.000Z","202844",N/A,N/A,N/A
"Rev 2 (2026-04-21)",REMOVED,"Nova Lake MH-AX 4LPE Die","Sort PO*","2026-04-30T00:00:00.000Z","202618",N/A,N/A,N/A
"Rev 2 (2026-04-21)",REMOVED,"Titan Lake HL Product","PO Start","2028-02-19T00:00:00.000Z","202808",N/A,N/A,N/A
"Rev 2 (2026-04-21)",REMOVED,"Nova Lake S 28C BLLC Product","PO Start","2026-05-14T00:00:00.000Z","202620",N/A,N/A,N/A
"Rev 2 (2026-04-21)",REMOVED,"Razor Lake CPU 2P+0E Int Die","Tape In","2026-09-18T00:00:00.000Z","202638",N/A,N/A,N/A
"Rev 2 (2026-04-21)",REMOVED,"Nova Lake S 28C Product","PRQ","2026-11-12T00:00:00.000Z","202646",N/A,N/A,N/A
"Rev 2 (2026-04-21)",REMOVED,"Nova Lake CPU 4P+0E Int Die","Tape In","2026-01-01T00:00:00.000Z","202553",N/A,N/A,N/A
"Rev 2 (2026-04-21)",REMOVED,"Nova Lake U Product","PRQ","2026-11-05T00:00:00.000Z","202645",N/A,N/A,N/A
"Rev 2 (2026-04-21)",REMOVED,"Nova Lake MH-AX 4LPE Die","Tape In","2026-01-22T00:00:00.000Z","202604",N/A,N/A,N/A
"Rev 2 (2026-04-21)",REMOVED,"Razor Lake CPU 8P+16E Die","Sort PO*","2026-08-28T00:00:00.000Z","202635",N/A,N/A,N/A
"Rev 2 (2026-04-21)",REMOVED,"Razor Lake HX Product","PO Start","2026-10-30T00:00:00.000Z","202644",N/A,N/A,N/A
"Rev 2 (2026-04-21)",REMOVED,"Nova Lake PCH-S Product","QS","2026-07-30T00:00:00.000Z","202631",N/A,N/A,N/A
"Rev 2 (2026-04-21)",REMOVED,"PIXE3plus-AX 512EU Die","Tape In","2026-11-13T00:00:00.000Z","202646",N/A,N/A,N/A
"Rev 2 (2026-04-21)",REMOVED,"Nova Lake CPU 4P+8E Ext Die","Tape In","2026-02-06T00:00:00.000Z","202606",N/A,N/A,N/A
"Rev 2 (2026-04-21)",REMOVED,"PIXE3pv4 8Xe Die","Tape In","2026-12-04T00:00:00.000Z","202649",N/A,N/A,N/A
"Rev 2 (2026-04-21)",REMOVED,"Titan Lake HUB-P Die","Tape In","2027-09-17T00:00:00.000Z","202738",N/A,N/A,N/A
"Rev 2 (2026-04-21)",REMOVED,"Titan Lake B Product","PO Start","2027-11-26T00:00:00.000Z","202748",N/A,N/A,N/A
"Rev 2 (2026-04-21)",REMOVED,"Nova Lake S 28C (Dunlow) Product","PO Start","2026-03-12T00:00:00.000Z","202611",N/A,N/A,N/A
"Rev 2 (2026-04-21)",REMOVED,"Nova Lake S 16C (Dunlow) Product","QS","2027-04-15T00:00:00.000Z","202716",N/A,N/A,N/A
"Rev 2 (2026-04-21)",REMOVED,"Razor Lake CPU 2P+0E Int Die","Sort PO*","2026-12-25T00:00:00.000Z","202652",N/A,N/A,N/A
"Rev 2 (2026-04-21)",REMOVED,"Titan Lake HUB-BX Die","Sort PO*","2027-06-04T00:00:00.000Z","202723",N/A,N/A,N/A
"Rev 2 (2026-04-21)",REMOVED,"PIXE3pv4 16Xe Die","Tape In","2026-12-25T00:00:00.000Z","202652",N/A,N/A,N/A
"Rev 2 (2026-04-21)",REMOVED,"Nova Lake Hub 4LPE Die","Tape In","2025-12-18T00:00:00.000Z","202551",N/A,N/A,N/A
"Rev 2 (2026-04-21)",REMOVED,"Nova Lake S 28C Product","QS","2026-09-24T00:00:00.000Z","202639",N/A,N/A,N/A
"Rev 2 (2026-04-21)",REMOVED,"Nova Lake S 16C Product","PO Start","2026-02-19T00:00:00.000Z","202608",N/A,N/A,N/A
"Rev 2 (2026-04-21)",REMOVED,"Titan Lake HUB-P Die","Sort PO*","2027-12-24T00:00:00.000Z","202752",N/A,N/A,N/A
"Rev 2 (2026-04-21)",REMOVED,"Nova Lake PCH-S Product","PRQ","2026-09-17T00:00:00.000Z","202638",N/A,N/A,N/A
"Rev 2 (2026-04-21)",REMOVED,"Titan Lake PCD-H Die","Sort PO*","2028-01-07T00:00:00.000Z","202802",N/A,N/A,N/A
"Rev 2 (2026-04-21)",REMOVED,"Titan Lake BX Product","PRQ","2028-04-08T00:00:00.000Z","202815",N/A,N/A,N/A
"Rev 2 (2026-04-21)",REMOVED,"Titan Lake CPU 4P+8E Ext Die","Sort PO*","2027-07-02T00:00:00.000Z","202727",N/A,N/A,N/A
"Rev 2 (2026-04-21)",REMOVED,"Nova Lake S 28C (Dunlow) Product","QS","2027-03-18T00:00:00.000Z","202712",N/A,N/A,N/A
"Rev 2 (2026-04-21)",REMOVED,"Nova Lake PCH-S Product","PO Start","2026-04-16T00:00:00.000Z","202616",N/A,N/A,N/A
"Rev 2 (2026-04-21)",REMOVED,"Nova Lake S 28C BLLC Product","PRQ","2026-10-22T00:00:00.000Z","202643",N/A,N/A,N/A
"Rev 2 (2026-04-21)",REMOVED,"PIXE3plus-AX 512EU Die","Tape In","2026-03-06T00:00:00.000Z","202610",N/A,N/A,N/A
"Rev 2 (2026-04-21)",REMOVED,"Nova Lake CPU 8P+16E Ext Die","Tape In","2026-01-29T00:00:00.000Z","202605",N/A,N/A,N/A
"Rev 2 (2026-04-21)",REMOVED,"Titan Lake CPU 4P+8E Ext Die","Tape In","2027-03-26T00:00:00.000Z","202713",N/A,N/A,N/A
"Rev 2 (2026-04-21)",REMOVED,"Nova Lake S 8C Product","PO Start","2026-08-06T00:00:00.000Z","202632",N/A,N/A,N/A
"Rev 2 (2026-04-21)",REMOVED,"Nova Lake S 52C BLLC (Dunlow) Product","PRQ","2027-07-29T00:00:00.000Z","202731",N/A,N/A,N/A
"Rev 2 (2026-04-21)",REMOVED,"Nova Lake HX Int Product","ES1","2026-02-05T00:00:00.000Z","202606",N/A,N/A,N/A
"Rev 2 (2026-04-21)",REMOVED,"Hammer Lake CPU 8P+16E Ext Die","Sort PO*","2028-01-21T00:00:00.000Z","202804",N/A,N/A,N/A
"Rev 2 (2026-04-21)",REMOVED,"Nova Lake S 28C BLLC Product","QS","2026-09-03T00:00:00.000Z","202636",N/A,N/A,N/A
"Rev 2 (2026-04-21)",REMOVED,"Hammer Lake CPU 8P+16E Ext Die","Tape In","2027-10-15T00:00:00.000Z","202742",N/A,N/A,N/A
"Rev 2 (2026-04-21)",REMOVED,"Titan Lake PCD-H Die","Tape In","2027-01-15T00:00:00.000Z","202703",N/A,N/A,N/A
"Rev 2 (2026-04-21)",REMOVED,"Razor Lake S 28C Product","PO Start","2026-10-16T00:00:00.000Z","202642",N/A,N/A,N/A
"Rev 2 (2026-04-21)",REMOVED,"Nova Lake S 8C Product","PRQ","2026-12-31T00:00:00.000Z","202653",N/A,N/A,N/A
"Rev 2 (2026-04-21)",REMOVED,"Nova Lake HX Product","QS","2026-11-26T00:00:00.000Z","202648",N/A,N/A,N/A
"Rev 2 (2026-04-21)",REMOVED,"Nova Lake CPU 4P+8E Ext Die","Sort PO*","2026-05-15T00:00:00.000Z","202620",N/A,N/A,N/A
"Rev 2 (2026-04-21)",REMOVED,"Nova Lake S 28C Product","QS","2026-08-06T00:00:00.000Z","202632",N/A,N/A,N/A
"Rev 2 (2026-04-21)",REMOVED,"Nova Lake CPU 8P+16E BLLC Ext Die","Sort PO*","2026-03-19T00:00:00.000Z","202612",N/A,N/A,N/A
"Rev 2 (2026-04-21)",REMOVED,"Nova Lake S 8C (Dunlow) Product","QS","2027-04-15T00:00:00.000Z","202716",N/A,N/A,N/A
"Rev 2 (2026-04-21)",REMOVED,"Nova Lake CPU 8P+16E Ext Die","Sort PO*","2026-03-12T00:00:00.000Z","202611",N/A,N/A,N/A
"Rev 2 (2026-04-21)",REMOVED,"Titan Lake BX Product","PO Start","2027-07-23T00:00:00.000Z","202730",N/A,N/A,N/A
"Rev 2 (2026-04-21)",REMOVED,"Nova Lake S 28C (Dunlow) Product","ES2","2026-07-16T00:00:00.000Z","202629",N/A,N/A,N/A
"Rev 2 (2026-04-21)",REMOVED,"Nova Lake S 28C (Dunlow) Product","PO Start","2026-11-19T00:00:00.000Z","202647",N/A,N/A,N/A
"Rev 2 (2026-04-21)",REMOVED,"PIXE3-H 64EU Die","Tape In","2026-01-15T00:00:00.000Z","202603",N/A,N/A,N/A
"Rev 2 (2026-04-21)",REMOVED,"Nova Lake S 16C (Dunlow) Product","PRQ","2027-06-03T00:00:00.000Z","202723",N/A,N/A,N/A
"Rev 2 (2026-04-21)",REMOVED,"Titan Lake CPU 4P+8E Ext Die","Sort PO*","2028-03-31T00:00:00.000Z","202814",N/A,N/A,N/A
"Rev 2 (2026-04-21)",REMOVED,"Razor Lake UL Product","PRQ","2028-03-18T00:00:00.000Z","202812",N/A,N/A,N/A
"Rev 2 (2026-04-21)",REMOVED,"Titan Lake PCD-H Die","Tape In","2027-10-01T00:00:00.000Z","202740",N/A,N/A,N/A
"Rev 2 (2026-04-21)",REMOVED,"Titan Lake HM Product","PO Start","2027-03-05T00:00:00.000Z","202710",N/A,N/A,N/A
"Rev 2 (2026-04-21)",REMOVED,"Titan Lake HPX Product","PO Start","2028-02-05T00:00:00.000Z","202806",N/A,N/A,N/A
"Rev 2 (2026-04-21)",REMOVED,"Nova Lake S 16C Product","PO Start","2026-07-23T00:00:00.000Z","202630",N/A,N/A,N/A
"Rev 2 (2026-04-21)",REMOVED,"Razor Lake CPU 8P+16E Die","Tape In","2026-05-22T00:00:00.000Z","202621",N/A,N/A,N/A
"Rev 2 (2026-04-21)",REMOVED,"Nova Lake CPU 2P+0E Int Die","Sort PO*","2026-07-03T00:00:00.000Z","202627",N/A,N/A,N/A
"Rev 2 (2026-04-21)",REMOVED,"Nova Lake HX Product","PO Start","2026-08-13T00:00:00.000Z","202633",N/A,N/A,N/A
"Rev 2 (2026-04-21)",REMOVED,"Nova Lake S 28C Product","PO Start","2025-11-27T00:00:00.000Z","202548",N/A,N/A,N/A
"Rev 2 (2026-04-21)",REMOVED,"Nova Lake S 8C (Dunlow) Product","PO Start","2027-01-07T00:00:00.000Z","202702",N/A,N/A,N/A
"Rev 2 (2026-04-21)",REMOVED,"Nova Lake HX Product","PRQ","2027-01-14T00:00:00.000Z","202703",N/A,N/A,N/A
"Rev 2 (2026-04-21)",REMOVED,"Nova Lake PCD-H Die","Tape In","2026-01-22T00:00:00.000Z","202604",N/A,N/A,N/A
"Rev 2 (2026-04-21)",REMOVED,"Nova Lake PCH-S Die","Tape In","2026-01-22T00:00:00.000Z","202604",N/A,N/A,N/A
"Rev 2 (2026-04-21)",REMOVED,"Hammer Lake CPU 8P+16E Ext Die","Tape In","2028-07-22T00:00:00.000Z","202830",N/A,N/A,N/A
"Rev 2 (2026-04-21)",REMOVED,"Nova Lake S 8C Product","QS","2026-11-12T00:00:00.000Z","202646",N/A,N/A,N/A
"Rev 2 (2026-04-21)",REMOVED,"Nova Lake S 28C Product","PO Start","2026-04-30T00:00:00.000Z","202618",N/A,N/A,N/A
"Rev 2 (2026-04-21)",REMOVED,"Razor Lake CPU 2P+0E Int Die","Tape In","2027-06-04T00:00:00.000Z","202723",N/A,N/A,N/A
"Rev 2 (2026-04-21)",REMOVED,"Nova Lake PCD-H Die","Sort PO*","2026-04-30T00:00:00.000Z","202618",N/A,N/A,N/A
"Rev 2 (2026-04-21)",REMOVED,"Nova Lake S 28C Product","PRQ","2026-09-24T00:00:00.000Z","202639",N/A,N/A,N/A
"Rev 2 (2026-04-21)",REMOVED,"Nova Lake S 28C BLLC Product","PRQ","2026-12-10T00:00:00.000Z","202650",N/A,N/A,N/A
"Rev 2 (2026-04-21)",REMOVED,"Nova Lake S 28C Product","ES2","2026-03-19T00:00:00.000Z","202612",N/A,N/A,N/A
"Rev 2 (2026-04-21)",REMOVED,"Razor Lake S 28C Product","ES1","2027-03-26T00:00:00.000Z","202713",N/A,N/A,N/A
"Rev 2 (2026-04-21)",REMOVED,"Titan Lake CPU 4P+8E Ext Die","Tape In","2027-12-24T00:00:00.000Z","202752",N/A,N/A,N/A
"Rev 2 (2026-04-21)",REMOVED,"Titan Lake B Product","PRQ","2028-06-24T00:00:00.000Z","202826",N/A,N/A,N/A
"Rev 2 (2026-04-21)",REMOVED,"Nova Lake Hub 4LPE Die","Sort PO*","2026-03-26T00:00:00.000Z","202613",N/A,N/A,N/A
"Rev 2 (2026-04-21)",REMOVED,"PIXE3pv4 8Xe Die","Sort PO*","2027-03-12T00:00:00.000Z","202711",N/A,N/A,N/A
"Rev 2 (2026-04-21)",REMOVED,"Nova Lake S 8C (Dunlow) Product","PRQ","2027-06-03T00:00:00.000Z","202723",N/A,N/A,N/A
"Rev 2 (2026-04-21)",REMOVED,"Nova Lake S 28C Product","PO Start","2026-06-25T00:00:00.000Z","202626",N/A,N/A,N/A
"Rev 2 (2026-04-21)",REMOVED,"Nova Lake PCH-S Die","Sort PO*","2026-04-30T00:00:00.000Z","202618",N/A,N/A,N/A
"Rev 2 (2026-04-21)",REMOVED,"PIXE3pv4 16Xe Die","Sort PO*","2027-04-02T00:00:00.000Z","202714",N/A,N/A,N/A
"Rev 2 (2026-04-21)",REMOVED,"Nova Lake S 52C BLLC (Dunlow) Product","QS","2027-06-10T00:00:00.000Z","202724",N/A,N/A,N/A
"Rev 2 (2026-04-21)",REMOVED,"Nova Lake S 28C BLLC Product","PO Start","2026-07-09T00:00:00.000Z","202628",N/A,N/A,N/A
"Rev 2 (2026-04-21)",REMOVED,"Titan Lake BX Product","PO Start","2027-07-16T00:00:00.000Z","202729",N/A,N/A,N/A
"Rev 3 (2026-05-22)",NEW,"Hammer Lake PCD-M Die","Tape In","2028-06-03T00:00:00.000Z","202823",N/A,N/A,N/A
"Rev 3 (2026-05-22)",NEW,"PIXE3pv4 4Xe Die","Tape In","2027-10-22T00:00:00.000Z","202743",N/A,N/A,N/A
"Rev 3 (2026-05-22)",NEW,"Hammer Lake PCD-S Die","Tape In","2027-10-29T00:00:00.000Z","202744",N/A,N/A,N/A
"Rev 3 (2026-05-22)",NEW,"Razor Lake U Product","QS","2028-05-20T00:00:00.000Z","202821",N/A,N/A,N/A
"Rev 3 (2026-05-22)",NEW,"Razor Lake CPU 4P+0E Int Die","Tape In","2026-12-11T00:00:00.000Z","202650",N/A,N/A,N/A
"Rev 3 (2026-05-22)",NEW,"Nova Lake PCH-S Product","PRQ","2026-12-17T00:00:00.000Z","202651",N/A,N/A,N/A
"Rev 3 (2026-05-22)",NEW,"Nova Lake S 52C BLLC Product","PRQ","2027-03-26T00:00:00.000Z","202713",N/A,N/A,N/A
"Rev 3 (2026-05-22)",NEW,"Razor Lake U Product","PRQ","2028-07-01T00:00:00.000Z","202827",N/A,N/A,N/A
"Rev 3 (2026-05-22)",NEW,"Hammer Lake PCD-S Die","Sort PO*","2028-02-04T00:00:00.000Z","202806",N/A,N/A,N/A
"Rev 3 (2026-05-22)",NEW,"PIXE3pv4 16Xe Die","Tape In","2027-07-02T00:00:00.000Z","202727",N/A,N/A,N/A
"Rev 3 (2026-05-22)",NEW,"NVL S 52C BLLC (Dunlow) Product","PO Start","2027-01-15T00:00:00.000Z","202703",N/A,N/A,N/A
"Rev 3 (2026-05-22)",NEW,"Razor Lake HX Product","PO Start","2026-12-10T00:00:00.000Z","202650",N/A,N/A,N/A
"Rev 3 (2026-05-22)",NEW,"NVL S 52C BLLC (Dunlow) Product","QS","2027-04-23T00:00:00.000Z","202717",N/A,N/A,N/A
"Rev 3 (2026-05-22)",NEW,"Razor Lake CPU 8P+16E Die","Sort Power On","2026-10-08T00:00:00.000Z","202641",N/A,N/A,N/A
"Rev 3 (2026-05-22)",NEW,"NVL S 28C 95W (Dunlow) Product","PO Start","2026-04-03T00:00:00.000Z","202614",N/A,N/A,N/A
"Rev 3 (2026-05-22)",NEW,"Razor Lake S 28C Product","ES","2027-04-23T00:00:00.000Z","202717",N/A,N/A,N/A
"Rev 3 (2026-05-22)",NEW,"Razor Lake HX Product","ES","2027-05-28T00:00:00.000Z","202722",N/A,N/A,N/A
"Rev 3 (2026-05-22)",NEW,"Razor Lake U Product","PO Start","2027-05-14T00:00:00.000Z","202720",N/A,N/A,N/A
"Rev 3 (2026-05-22)",NEW,"Razor Lake CPU 4P+0E Int Die","Sort PO*","2027-03-19T00:00:00.000Z","202712",N/A,N/A,N/A
"Rev 3 (2026-05-22)",NEW,"Nova Lake P Product","PO Start","2026-02-06T00:00:00.000Z","202606",N/A,N/A,N/A
"Rev 3 (2026-05-22)",NEW,"Razor Lake CPU 4P+0E Int Die","Tape In","2027-03-26T00:00:00.000Z","202713",N/A,N/A,N/A
"Rev 3 (2026-05-22)",NEW,"Razor Lake S 28C Product","PO Start","2026-11-05T00:00:00.000Z","202645",N/A,N/A,N/A
"Rev 3 (2026-05-22)",NEW,"Razor Lake CPU 4P+0E Int Die","Sort PO*","2027-07-02T00:00:00.000Z","202727",N/A,N/A,N/A
"Rev 3 (2026-05-22)",NEW,"Nova Lake S 28C Product","PO Start","2026-05-15T00:00:00.000Z","202620",N/A,N/A,N/A
"Rev 3 (2026-05-22)",NEW,"PIXE3pv4 8Xe Die","Sort PO*","2027-12-03T00:00:00.000Z","202749",N/A,N/A,N/A
"Rev 3 (2026-05-22)",NEW,"Nova Lake S 52C BLLC Product","PO Start","2026-08-28T00:00:00.000Z","202635",N/A,N/A,N/A
"Rev 3 (2026-05-22)",NEW,"Nova Lake S 52C BLLC Product","PO Start","2026-10-02T00:00:00.000Z","202640",N/A,N/A,N/A
"Rev 3 (2026-05-22)",NEW,"PIXE3pv4 8Xe Die","Tape In","2027-08-27T00:00:00.000Z","202735",N/A,N/A,N/A
"Rev 3 (2026-05-22)",NEW,"Hammer Lake PCD-M Die","Sort PO*","2028-09-09T00:00:00.000Z","202837",N/A,N/A,N/A
"Rev 3 (2026-05-22)",NEW,"NVL S 52C BLLC (Dunlow) Product","PRQ","2027-06-11T00:00:00.000Z","202724",N/A,N/A,N/A
"Rev 3 (2026-05-22)",NEW,"Razor Lake U Product","PO Start","2028-01-29T00:00:00.000Z","202805",N/A,N/A,N/A
"Rev 3 (2026-05-22)",NEW,"Nova Lake PCH-S Product","QS","2026-10-29T00:00:00.000Z","202644",N/A,N/A,N/A
"Rev 3 (2026-05-22)",NEW,"PIXE3pv4 16Xe Die","Sort PO*","2027-10-08T00:00:00.000Z","202741",N/A,N/A,N/A
"Rev 3 (2026-05-22)",NEW,"PIXE3pv4 4Xe Die","Sort PO*","2028-01-28T00:00:00.000Z","202805",N/A,N/A,N/A
"Rev 3 (2026-05-22)",REMOVED,"Razor Lake HX Product","PO Start","2026-12-17T00:00:00.000Z","202651",N/A,N/A,N/A
"Rev 3 (2026-05-22)",REMOVED,"PIXE3pv4 8Xe Die","Tape In","2027-09-10T00:00:00.000Z","202737",N/A,N/A,N/A
"Rev 3 (2026-05-22)",REMOVED,"PIXE3pv4 16Xe Die","Sort PO*","2027-10-15T00:00:00.000Z","202742",N/A,N/A,N/A
"Rev 3 (2026-05-22)",REMOVED,"Razor Lake S 28C Product","PO Start","2026-11-12T00:00:00.000Z","202646",N/A,N/A,N/A
"Rev 3 (2026-05-22)",REMOVED,"Nova Lake CPU 8P+16E Ext Die","Tape In","2026-02-12T00:00:00.000Z","202607",N/A,N/A,N/A
"Rev 3 (2026-05-22)",REMOVED,"Hammer Lake SM Product","PO Start","2028-05-27T00:00:00.000Z","202822",N/A,N/A,N/A
"Rev 3 (2026-05-22)",REMOVED,"Hammer Lake SB Product","PO Start","2028-12-30T00:00:00.000Z","202853",N/A,N/A,N/A
"Rev 3 (2026-05-22)",REMOVED,"Nova Lake CPU 8P+16E BLLC Ext Die","Sort PO*","2026-06-05T00:00:00.000Z","202623",N/A,N/A,N/A
"Rev 3 (2026-05-22)",REMOVED,"Nova Lake UL Product","QS","2027-03-04T00:00:00.000Z","202710",N/A,N/A,N/A
"Rev 3 (2026-05-22)",REMOVED,"Razor Lake UL Product","PO Start","2027-03-05T00:00:00.000Z","202710",N/A,N/A,N/A
"Rev 3 (2026-05-22)",REMOVED,"NVL S 52C BLLC (Dunlow) Product","QS","2027-06-10T00:00:00.000Z","202724",N/A,N/A,N/A
"Rev 3 (2026-05-22)",REMOVED,"Nova Lake S 52C BLLC Product","PRQ","2027-04-01T00:00:00.000Z","202714",N/A,N/A,N/A
"Rev 3 (2026-05-22)",REMOVED,"Nova Lake CPU 4P+8E Int Die","Tape In","2025-07-31T00:00:00.000Z","202531",N/A,N/A,N/A
"Rev 3 (2026-05-22)",REMOVED,"PIXE3pv4 16Xe Die","Tape In","2027-07-09T00:00:00.000Z","202728",N/A,N/A,N/A
"Rev 3 (2026-05-22)",REMOVED,"Nova Lake UL Product","PRQ","2027-04-22T00:00:00.000Z","202717",N/A,N/A,N/A
"Rev 3 (2026-05-22)",REMOVED,"PIXE3pv4 4Xe Die","Tape In","2027-08-27T00:00:00.000Z","202735",N/A,N/A,N/A
"Rev 3 (2026-05-22)",REMOVED,"Nova Lake S 52C BLLC Product","PRQ","2027-03-11T00:00:00.000Z","202711",N/A,N/A,N/A
"Rev 3 (2026-05-22)",REMOVED,"Nova Lake S 52C BLLC Product","PO Start","2026-08-27T00:00:00.000Z","202635",N/A,N/A,N/A
"Rev 3 (2026-05-22)",REMOVED,"Razor Lake UL Product","PRQ","2028-04-29T00:00:00.000Z","202818",N/A,N/A,N/A
"Rev 3 (2026-05-22)",REMOVED,"NVL S 28C 95W (Dunlow) Product","PO Start","2026-03-12T00:00:00.000Z","202611",N/A,N/A,N/A
"Rev 3 (2026-05-22)",REMOVED,"Nova Lake S 52C BLLC Product","QS","2027-01-21T00:00:00.000Z","202704",N/A,N/A,N/A
"Rev 3 (2026-05-22)",REMOVED,"PIXE3pv4 8Xe Die","Sort PO*","2027-12-17T00:00:00.000Z","202751",N/A,N/A,N/A
"Rev 3 (2026-05-22)",REMOVED,"Nova Lake UL Product","PO Start","2026-11-19T00:00:00.000Z","202647",N/A,N/A,N/A
"Rev 3 (2026-05-22)",REMOVED,"Razor Lake HX Product","ES1","2027-05-27T00:00:00.000Z","202722",N/A,N/A,N/A
"Rev 3 (2026-05-22)",REMOVED,"Razor Lake CPU 2P+0E Int Die","Tape In","2027-07-09T00:00:00.000Z","202728",N/A,N/A,N/A
"Rev 3 (2026-05-22)",REMOVED,"Nova Lake P Product","PO Start","2026-02-12T00:00:00.000Z","202607",N/A,N/A,N/A
"Rev 3 (2026-05-22)",REMOVED,"Hammer Lake SB Product","PO Start","2028-04-01T00:00:00.000Z","202814",N/A,N/A,N/A
"Rev 3 (2026-05-22)",REMOVED,"Razor Lake UL Product","QS","2028-03-18T00:00:00.000Z","202812",N/A,N/A,N/A
"Rev 3 (2026-05-22)",REMOVED,"Nova Lake CPU 2P+0E Int Die","Sort PO*","2026-07-09T00:00:00.000Z","202628",N/A,N/A,N/A
"Rev 3 (2026-05-22)",REMOVED,"Nova Lake CPU 4P+8E Int Die","Tape In","2025-12-04T00:00:00.000Z","202549",N/A,N/A,N/A
"Rev 3 (2026-05-22)",REMOVED,"Nova Lake CPU 2P+0E Int Die","Tape In","2026-04-02T00:00:00.000Z","202614",N/A,N/A,N/A
"Rev 3 (2026-05-22)",REMOVED,"Razor Lake CPU 2P+0E Int Die","Sort PO*","2027-10-15T00:00:00.000Z","202742",N/A,N/A,N/A
"Rev 3 (2026-05-22)",REMOVED,"NVL S 52C BLLC (Dunlow) Product","PO Start","2027-03-04T00:00:00.000Z","202710",N/A,N/A,N/A
"Rev 3 (2026-05-22)",REMOVED,"Nova Lake S 28C Product","PO Start","2026-05-08T00:00:00.000Z","202619",N/A,N/A,N/A
"Rev 3 (2026-05-22)",REMOVED,"Nova Lake S 52C BLLC Product","PO Start","2026-10-01T00:00:00.000Z","202640",N/A,N/A,N/A
"Rev 3 (2026-05-22)",REMOVED,"Nova Lake CPU 8P+16E Ext Die","Sort PO*","2026-05-21T00:00:00.000Z","202621",N/A,N/A,N/A
"Rev 3 (2026-05-22)",REMOVED,"Razor Lake S 28C Product","ES1","2027-04-22T00:00:00.000Z","202717",N/A,N/A,N/A
"Rev 3 (2026-05-22)",REMOVED,"Razor Lake CPU 2P+0E Int Die","Sort PO*","2027-01-08T00:00:00.000Z","202702",N/A,N/A,N/A
"Rev 3 (2026-05-22)",REMOVED,"NVL S 52C BLLC (Dunlow) Product","PRQ","2027-07-29T00:00:00.000Z","202731",N/A,N/A,N/A
"Rev 3 (2026-05-22)",REMOVED,"PIXE3pv4 4Xe Die","Sort PO*","2027-12-03T00:00:00.000Z","202749",N/A,N/A,N/A
"Rev 3 (2026-05-22)",REMOVED,"Razor Lake CPU 2P+0E Int Die","Tape In","2026-10-02T00:00:00.000Z","202640",N/A,N/A,N/A
"Rev 3 (2026-05-22)",REMOVED,"Hammer Lake SX Product","PRQ","2028-09-08T00:00:00.000Z","202837",N/A,N/A,N/A
"Rev 3 (2026-05-22)",REMOVED,"Nova Lake CPU 4P+8E Int Die","Sort PO*","2026-03-12T00:00:00.000Z","202611",N/A,N/A,N/A
"Rev 3 (2026-05-22)",REMOVED,"Nova Lake CPU 8P+16E BLLC Ext Die","Tape In","2026-02-27T00:00:00.000Z","202609",N/A,N/A,N/A
"Rev 3 (2026-05-22)",REMOVED,"Razor Lake UL Product","PO Start","2027-12-03T00:00:00.000Z","202749",N/A,N/A,N/A
"Rev 3 (2026-05-22)",REMOVED,"Nova Lake CPU 4P+8E Int Die","Sort PO*","2025-11-06T00:00:00.000Z","202545",N/A,N/A,N/A
"Rev 4 (2026-06-18)",NEW,"Titan Lake HUB-H 4LPE Die","Tape In","2028-03-25T00:00:00.000Z","202813",N/A,N/A,N/A
"Rev 4 (2026-06-18)",NEW,"Titan Lake H2 Product","QS","2028-09-30T00:00:00.000Z","202840",N/A,N/A,N/A
"Rev 4 (2026-06-18)",NEW,"Titan Lake HUB-H 4LPE Die","Sort PO*","2027-12-17T00:00:00.000Z","202751",N/A,N/A,N/A
"Rev 4 (2026-06-18)",NEW,"Nova Lake S 28C (Dunlow) Product","PO Start","2026-04-03T00:00:00.000Z","202614",N/A,N/A,N/A
"Rev 4 (2026-06-18)",NEW,"Titan Lake H2 Product","PO Start","2028-07-08T00:00:00.000Z","202828",N/A,N/A,N/A
"Rev 4 (2026-06-18)",NEW,"Nova Lake S 28C (Dunlow) Product","PO Start","2026-08-28T00:00:00.000Z","202635",N/A,N/A,N/A
"Rev 4 (2026-06-18)",NEW,"Nova Lake S 28C (Dunlow) Product","ES2","2026-07-16T00:00:00.000Z","202629",N/A,N/A,N/A
"Rev 4 (2026-06-18)",NEW,"Razor Lake CPU 4P+0E Int Die","Tape In","2027-09-03T00:00:00.000Z","202736",N/A,N/A,N/A
"Rev 4 (2026-06-18)",NEW,"Razor Lake H 12Xe Product","PO Start","2027-08-13T00:00:00.000Z","202733",N/A,N/A,N/A
"Rev 4 (2026-06-18)",NEW,"Razor Lake H 4Xe Product","PO Start","2027-07-30T00:00:00.000Z","202731",N/A,N/A,N/A
"Rev 4 (2026-06-18)",NEW,"Titan Lake H4 Product","PO Start","2028-06-10T00:00:00.000Z","202824",N/A,N/A,N/A
"Rev 4 (2026-06-18)",NEW,"Titan Lake HUB-H 4LPE Die","Sort PO*","2028-07-01T00:00:00.000Z","202827",N/A,N/A,N/A
"Rev 4 (2026-06-18)",NEW,"Titan Lake H2 Product","PRQ","2028-11-18T00:00:00.000Z","202847",N/A,N/A,N/A
"Rev 4 (2026-06-18)",NEW,"NVL S 52C BLLC (Dunlow) 125W Product","PO Start","2027-01-15T00:00:00.000Z","202703",N/A,N/A,N/A
"Rev 4 (2026-06-18)",NEW,"Titan Lake H4 Product","PO Start","2028-01-29T00:00:00.000Z","202805",N/A,N/A,N/A
"Rev 4 (2026-06-18)",NEW,"Nova Lake S 28C (Dunlow) Product","PRQ","2027-01-22T00:00:00.000Z","202704",N/A,N/A,N/A
"Rev 4 (2026-06-18)",NEW,"Titan Lake H2 Product","PO Start","2028-02-19T00:00:00.000Z","202808",N/A,N/A,N/A
"Rev 4 (2026-06-18)",NEW,"Titan Lake H4 Product","PRQ","2028-10-21T00:00:00.000Z","202843",N/A,N/A,N/A
"Rev 4 (2026-06-18)",NEW,"Titan Lake HUB-H 4LPE Die","Tape In","2027-09-10T00:00:00.000Z","202737",N/A,N/A,N/A
"Rev 4 (2026-06-18)",NEW,"Titan Lake H4 Debug Package","PO Start","2027-09-10T00:00:00.000Z","202737",N/A,N/A,N/A
"Rev 4 (2026-06-18)",NEW,"NVL S 52C BLLC (Dunlow) 125W Product","QS","2027-04-23T00:00:00.000Z","202717",N/A,N/A,N/A
"Rev 4 (2026-06-18)",NEW,"Nova Lake S 28C (Dunlow) Product","QS","2026-12-11T00:00:00.000Z","202650",N/A,N/A,N/A
"Rev 4 (2026-06-18)",NEW,"Razor Lake H 4Xe Product","PRQ","2028-01-08T00:00:00.000Z","202802",N/A,N/A,N/A
"Rev 4 (2026-06-18)",NEW,"Razor Lake CPU 4P+0E Int Die","Sort PO*","2027-12-10T00:00:00.000Z","202750",N/A,N/A,N/A
"Rev 4 (2026-06-18)",NEW,"NVL S 52C BLLC (Dunlow) 125W Product","PRQ","2027-06-11T00:00:00.000Z","202724",N/A,N/A,N/A
"Rev 4 (2026-06-18)",NEW,"Titan Lake H4 Product","QS","2028-09-02T00:00:00.000Z","202836",N/A,N/A,N/A
"Rev 4 (2026-06-18)",NEW,"Razor Lake HX BLLC Product","PRQ","2027-12-24T00:00:00.000Z","202752",N/A,N/A,N/A
"Rev 4 (2026-06-18)",NEW,"Razor Lake HX BLLC Product","PO Start","2027-07-16T00:00:00.000Z","202729",N/A,N/A,N/A
"Rev 4 (2026-06-18)",NEW,"Razor Lake H 12Xe Product","PRQ","2028-01-22T00:00:00.000Z","202804",N/A,N/A,N/A
"Rev 4 (2026-06-18)",REMOVED,"Titan Lake HPX Product","PO Start","2028-06-10T00:00:00.000Z","202824",N/A,N/A,N/A
"Rev 4 (2026-06-18)",REMOVED,"NVL S 28C 95W (Dunlow) Product","PRQ","2027-01-22T00:00:00.000Z","202704",N/A,N/A,N/A
"Rev 4 (2026-06-18)",REMOVED,"Titan Lake HUB-P 4LPE Die","Sort PO*","2027-12-17T00:00:00.000Z","202751",N/A,N/A,N/A
"Rev 4 (2026-06-18)",REMOVED,"PIXE3pv4 4Xe Die","Tape In","2027-10-22T00:00:00.000Z","202743",N/A,N/A,N/A
"Rev 4 (2026-06-18)",REMOVED,"Titan Lake CPU 4P+0E Int Die","Tape In","2028-02-05T00:00:00.000Z","202806",N/A,N/A,N/A
"Rev 4 (2026-06-18)",REMOVED,"Titan Lake HUB-P 4LPE Die","Sort PO*","2028-07-01T00:00:00.000Z","202827",N/A,N/A,N/A
"Rev 4 (2026-06-18)",REMOVED,"NVL S 52C BLLC (Dunlow) Product","PO Start","2027-01-15T00:00:00.000Z","202703",N/A,N/A,N/A
"Rev 4 (2026-06-18)",REMOVED,"Titan Lake HM Product","PRQ","2028-11-18T00:00:00.000Z","202847",N/A,N/A,N/A
"Rev 4 (2026-06-18)",REMOVED,"NVL S 52C BLLC (Dunlow) Product","QS","2027-04-23T00:00:00.000Z","202717",N/A,N/A,N/A
"Rev 4 (2026-06-18)",REMOVED,"Titan Lake HUB-P 4LPE Die","Tape In","2028-03-25T00:00:00.000Z","202813",N/A,N/A,N/A
"Rev 4 (2026-06-18)",REMOVED,"NVL S 28C 95W (Dunlow) Product","PO Start","2026-04-03T00:00:00.000Z","202614",N/A,N/A,N/A
"Rev 4 (2026-06-18)",REMOVED,"Titan Lake HPX Product","PO Start","2028-01-29T00:00:00.000Z","202805",N/A,N/A,N/A
"Rev 4 (2026-06-18)",REMOVED,"NVL S 28C 95W (Dunlow) Product","PO Start","2026-08-28T00:00:00.000Z","202635",N/A,N/A,N/A
"Rev 4 (2026-06-18)",REMOVED,"Titan Lake HUB-P 4LPE Die","Tape In","2027-09-10T00:00:00.000Z","202737",N/A,N/A,N/A
"Rev 4 (2026-06-18)",REMOVED,"Razor Lake CPU 4P+0E Int Die","Tape In","2027-03-26T00:00:00.000Z","202713",N/A,N/A,N/A
"Rev 4 (2026-06-18)",REMOVED,"Titan Lake HL Product","PO Start","2028-06-24T00:00:00.000Z","202826",N/A,N/A,N/A
"Rev 4 (2026-06-18)",REMOVED,"Razor Lake CPU 4P+0E Int Die","Sort PO*","2027-07-02T00:00:00.000Z","202727",N/A,N/A,N/A
"Rev 4 (2026-06-18)",REMOVED,"NVL S 28C 95W (Dunlow) Product","QS","2026-12-11T00:00:00.000Z","202650",N/A,N/A,N/A
"Rev 4 (2026-06-18)",REMOVED,"Titan Lake HPX Product","QS","2028-09-02T00:00:00.000Z","202836",N/A,N/A,N/A
"Rev 4 (2026-06-18)",REMOVED,"Titan Lake HM Product","PO Start","2028-02-19T00:00:00.000Z","202808",N/A,N/A,N/A
"Rev 4 (2026-06-18)",REMOVED,"Titan Lake HM Product","PO Start","2028-07-08T00:00:00.000Z","202828",N/A,N/A,N/A
"Rev 4 (2026-06-18)",REMOVED,"Titan Lake HPX Product","PRQ","2028-10-21T00:00:00.000Z","202843",N/A,N/A,N/A
"Rev 4 (2026-06-18)",REMOVED,"NVL S 28C 95W (Dunlow) Product","ES2","2026-07-16T00:00:00.000Z","202629",N/A,N/A,N/A
"Rev 4 (2026-06-18)",REMOVED,"NVL S 52C BLLC (Dunlow) Product","PRQ","2027-06-11T00:00:00.000Z","202724",N/A,N/A,N/A
"Rev 4 (2026-06-18)",REMOVED,"Titan Lake HM Product","QS","2028-09-30T00:00:00.000Z","202840",N/A,N/A,N/A
"Rev 4 (2026-06-18)",REMOVED,"Titan Lake HPX Debug Package","PO Start","2027-09-10T00:00:00.000Z","202737",N/A,N/A,N/A
"Rev 4 (2026-06-18)",REMOVED,"Titan Lake HL Product","PRQ","2028-11-04T00:00:00.000Z","202845",N/A,N/A,N/A
"Rev 4 (2026-06-18)",REMOVED,"Titan Lake CPU 4P+0E Int Die","Sort PO*","2028-05-13T00:00:00.000Z","202820",N/A,N/A,N/A
"Rev 4 (2026-06-18)",REMOVED,"Titan Lake HL Product","QS","2028-09-16T00:00:00.000Z","202838",N/A,N/A,N/A
"Rev 4 (2026-06-18)",REMOVED,"PIXE3pv4 4Xe Die","Sort PO*","2028-01-28T00:00:00.000Z","202805",N/A,N/A,N/A
"Rev 5 (2026-07-27)",NEW,"Titan Lake H2 Product","QS","2028-10-28T00:00:00.000Z","202844",N/A,N/A,N/A
"Rev 5 (2026-07-27)",NEW,"Titan Lake B Product","QS","2028-12-23T00:00:00.000Z","202852",N/A,N/A,N/A
"Rev 5 (2026-07-27)",NEW,"Nova Lake S 28C Product","PO Start","2026-07-03T00:00:00.000Z","202627",N/A,N/A,N/A
"Rev 5 (2026-07-27)",NEW,"Titan Lake B Product","ES","2028-09-16T00:00:00.000Z","202838",N/A,N/A,N/A
"Rev 5 (2026-07-27)",NEW,"Titan Lake BX Product","ES","2028-05-27T00:00:00.000Z","202822",N/A,N/A,N/A
"Rev 5 (2026-07-27)",NEW,"Razor Lake CPU 8P+16E Die","Sort Power On","2027-08-26T00:00:00.000Z","202735",N/A,N/A,N/A
"Rev 5 (2026-07-27)",NEW,"Titan Lake H2 Product","PO Exit","2028-03-25T00:00:00.000Z","202813",N/A,N/A,N/A
"Rev 5 (2026-07-27)",NEW,"Titan Lake B Product","QS","2028-11-25T00:00:00.000Z","202848",N/A,N/A,N/A
"Rev 5 (2026-07-27)",NEW,"Nova Lake PCH-S ECG Product ETemp","PRQ","2028-03-18T00:00:00.000Z","202812",N/A,N/A,N/A
"Rev 5 (2026-07-27)",NEW,"Nova Lake S 8C Product","PO Start","2026-10-02T00:00:00.000Z","202640",N/A,N/A,N/A
"Rev 5 (2026-07-27)",NEW,"Titan Lake H2 Product","QS","2028-09-23T00:00:00.000Z","202839",N/A,N/A,N/A
"Rev 5 (2026-07-27)",NEW,"Razor Lake U Product","QS","2028-05-13T00:00:00.000Z","202820",N/A,N/A,N/A
"Rev 5 (2026-07-27)",NEW,"Titan Lake H4 Product","QS","2028-10-14T00:00:00.000Z","202842",N/A,N/A,N/A
"Rev 5 (2026-07-27)",NEW,"Nova Lake CPU 4P+8E Int Die","Tape In","2025-07-31T00:00:00.000Z","202531",N/A,N/A,N/A
"Rev 5 (2026-07-27)",NEW,"Razor Lake S 28C BLLC Product","PRQ","2028-02-11T00:00:00.000Z","202807",N/A,N/A,N/A
"Rev 5 (2026-07-27)",NEW,"Nova Lake PCH-S Product","QS","2026-12-10T00:00:00.000Z","202650",N/A,N/A,N/A
"Rev 5 (2026-07-27)",NEW,"Razor Lake S 52C BLLC Product","QS","2027-12-09T00:00:00.000Z","202750",N/A,N/A,N/A
"Rev 5 (2026-07-27)",NEW,"Titan Lake B Product","PO Start","2028-04-22T00:00:00.000Z","202817",N/A,N/A,N/A
"Rev 5 (2026-07-27)",NEW,"Titan Lake H4 Product","ES2","2028-06-17T00:00:00.000Z","202825",N/A,N/A,N/A
"Rev 5 (2026-07-27)",NEW,"Razor Lake S 52C BLLC Product","PRQ","2028-01-28T00:00:00.000Z","202805",N/A,N/A,N/A
"Rev 5 (2026-07-27)",NEW,"Nova Lake PCH-S Product","PRQ","2027-01-28T00:00:00.000Z","202705",N/A,N/A,N/A
"Rev 5 (2026-07-27)",NEW,"Nova Lake S 52C BLLC Product","QS","2027-03-12T00:00:00.000Z","202711",N/A,N/A,N/A
"Rev 5 (2026-07-27)",NEW,"Titan Lake H2 Product","ES","2028-06-24T00:00:00.000Z","202826",N/A,N/A,N/A
"Rev 5 (2026-07-27)",NEW,"Razor Lake H 12Xe Product","QS","2027-12-02T00:00:00.000Z","202749",N/A,N/A,N/A
"Rev 5 (2026-07-27)",NEW,"Titan Lake H4 Product","PO Exit","2028-03-04T00:00:00.000Z","202810",N/A,N/A,N/A
"Rev 5 (2026-07-27)",NEW,"Titan Lake H2 Product","PRQ","2028-11-11T00:00:00.000Z","202846",N/A,N/A,N/A
"Rev 5 (2026-07-27)",NEW,"Titan Lake H4 Product","PO Exit","2028-08-12T00:00:00.000Z","202833",N/A,N/A,N/A
"Rev 5 (2026-07-27)",NEW,"Razor Lake S 28C BLLC Product","QS","2027-12-23T00:00:00.000Z","202752",N/A,N/A,N/A
"Rev 5 (2026-07-27)",NEW,"Razor Lake S 28C BLLC Product","PO Start","2027-09-09T00:00:00.000Z","202737",N/A,N/A,N/A
"Rev 5 (2026-07-27)",NEW,"Razor Lake S 28C Product","PO Start","2027-04-29T00:00:00.000Z","202718",N/A,N/A,N/A
"Rev 5 (2026-07-27)",NEW,"Razor Lake S 28C Product","PRQ","2028-02-25T00:00:00.000Z","202809",N/A,N/A,N/A
"Rev 5 (2026-07-27)",NEW,"Nova Lake S 16C BLLC Product","QS","2028-03-18T00:00:00.000Z","202812",N/A,N/A,N/A
"Rev 5 (2026-07-27)",NEW,"Nova Lake S 52C BLLC Product","Class Power On","2026-06-26T00:00:00.000Z","202626",N/A,N/A,N/A
"Rev 5 (2026-07-27)",NEW,"Titan Lake H2 Product","PRQ","2028-12-16T00:00:00.000Z","202851",N/A,N/A,N/A
"Rev 5 (2026-07-27)",NEW,"Razor Lake H 4Xe Product","QS","2027-11-18T00:00:00.000Z","202747",N/A,N/A,N/A
"Rev 5 (2026-07-27)",NEW,"Razor Lake S 28C Product","PO Start","2027-09-23T00:00:00.000Z","202739",N/A,N/A,N/A
"Rev 5 (2026-07-27)",NEW,"Titan Lake H4 Product","QS","2028-09-09T00:00:00.000Z","202837",N/A,N/A,N/A
"Rev 5 (2026-07-27)",NEW,"Nova Lake PCH-S ECG Product ETemp","PO Start","2027-09-24T00:00:00.000Z","202739",N/A,N/A,N/A
"Rev 5 (2026-07-27)",NEW,"Razor Lake CPU 8P+16E Die","Sort PO*","2027-07-01T00:00:00.000Z","202727",N/A,N/A,N/A
"Rev 5 (2026-07-27)",NEW,"Titan Lake H2 Product","ES","2028-07-08T00:00:00.000Z","202828",N/A,N/A,N/A
"Rev 5 (2026-07-27)",NEW,"Titan Lake H4 Product","PRQ","2028-12-02T00:00:00.000Z","202849",N/A,N/A,N/A
"Rev 5 (2026-07-27)",NEW,"Nova Lake CPU 4P+8E Int Die","Tape In","2025-12-04T00:00:00.000Z","202549",N/A,N/A,N/A
"Rev 5 (2026-07-27)",NEW,"Titan Lake BX Product","QS","2028-08-19T00:00:00.000Z","202834",N/A,N/A,N/A
"Rev 5 (2026-07-27)",NEW,"Titan Lake BX Product","PRQ","2028-10-07T00:00:00.000Z","202841",N/A,N/A,N/A
"Rev 5 (2026-07-27)",NEW,"Razor Lake CPU 4P+8E Ext Die","Tape In","2027-03-11T00:00:00.000Z","202711",N/A,N/A,N/A
"Rev 5 (2026-07-27)",NEW,"Razor Lake S 52C BLLC Product","PO Start","2027-08-26T00:00:00.000Z","202735",N/A,N/A,N/A
"Rev 5 (2026-07-27)",NEW,"Razor Lake S 28C Product","QS","2028-01-07T00:00:00.000Z","202802",N/A,N/A,N/A
"Rev 5 (2026-07-27)",NEW,"Razor Lake CPU 8P+16E BLLC Die","Sort Power On","2027-06-10T00:00:00.000Z","202724",N/A,N/A,N/A
"Rev 5 (2026-07-27)",NEW,"Titan Lake BX Product","QS","2028-08-26T00:00:00.000Z","202835",N/A,N/A,N/A
"Rev 5 (2026-07-27)",NEW,"Titan Lake B Product","PO Start","2028-09-23T00:00:00.000Z","202839",N/A,N/A,N/A
"Rev 5 (2026-07-27)",NEW,"Titan Lake H2 Product","PO Start","2028-07-22T00:00:00.000Z","202830",N/A,N/A,N/A
"Rev 5 (2026-07-27)",NEW,"Razor Lake CPU 8P+16E Die","Tape In","2027-03-25T00:00:00.000Z","202713",N/A,N/A,N/A
"Rev 5 (2026-07-27)",NEW,"Nova Lake HX Product","ES2","2026-07-02T00:00:00.000Z","202627",N/A,N/A,N/A
"Rev 5 (2026-07-27)",NEW,"Razor Lake S 28C Product","ES","2027-04-22T00:00:00.000Z","202717",N/A,N/A,N/A
"Rev 5 (2026-07-27)",NEW,"Nova Lake S 28C Product","QS","2026-09-11T00:00:00.000Z","202637",N/A,N/A,N/A
"Rev 5 (2026-07-27)",NEW,"Nova Lake CPU 4P+8E Int Die","Sort PO*","2026-03-12T00:00:00.000Z","202611",N/A,N/A,N/A
"Rev 5 (2026-07-27)",NEW,"Titan Lake H4 Product","PRQ","2028-10-28T00:00:00.000Z","202844",N/A,N/A,N/A
"Rev 5 (2026-07-27)",NEW,"Nova Lake S 16C Product","PO Start","2026-09-18T00:00:00.000Z","202638",N/A,N/A,N/A
"Rev 5 (2026-07-27)",NEW,"Titan Lake H2 Product","PO Exit","2028-08-19T00:00:00.000Z","202834",N/A,N/A,N/A
"Rev 5 (2026-07-27)",NEW,"Nova Lake CPU 4P+8E Int Die","Sort PO*","2025-11-06T00:00:00.000Z","202545",N/A,N/A,N/A
"Rev 5 (2026-07-27)",NEW,"Razor Lake CPU 4P+8E Ext Die","Sort PO*","2027-06-17T00:00:00.000Z","202725",N/A,N/A,N/A
"Rev 5 (2026-07-27)",NEW,"Titan Lake H4 Product","PO Start","2028-07-08T00:00:00.000Z","202828",N/A,N/A,N/A
"Rev 5 (2026-07-27)",REMOVED,"Razor Lake HX Product","PRQ","2027-12-24T00:00:00.000Z","202752",N/A,N/A,N/A
"Rev 5 (2026-07-27)",REMOVED,"Titan Lake B Product","PO Start","2028-07-08T00:00:00.000Z","202828",N/A,N/A,N/A
"Rev 5 (2026-07-27)",REMOVED,"Nova Lake S 52C BLLC Product","QS","2027-02-11T00:00:00.000Z","202707",N/A,N/A,N/A
"Rev 5 (2026-07-27)",REMOVED,"Razor Lake CPU 8P+16E Die","Sort PO*","2027-06-10T00:00:00.000Z","202724",N/A,N/A,N/A
"Rev 5 (2026-07-27)",REMOVED,"Razor Lake S 52C BLLC Product","PO Start","2027-09-10T00:00:00.000Z","202737",N/A,N/A,N/A
"Rev 5 (2026-07-27)",REMOVED,"Nova Lake S 16C BLLC Product","QS","2028-03-25T00:00:00.000Z","202813",N/A,N/A,N/A
"Rev 5 (2026-07-27)",REMOVED,"Titan Lake BX Product","QS","2028-06-10T00:00:00.000Z","202824",N/A,N/A,N/A
"Rev 5 (2026-07-27)",REMOVED,"Titan Lake H2 Product","QS","2028-09-30T00:00:00.000Z","202840",N/A,N/A,N/A
"Rev 5 (2026-07-27)",REMOVED,"Nova Lake S 52C BLLC Product","Class Power On","2026-06-25T00:00:00.000Z","202626",N/A,N/A,N/A
"Rev 5 (2026-07-27)",REMOVED,"Razor Lake S 28C BLLC Product","PO Start","2027-08-20T00:00:00.000Z","202734",N/A,N/A,N/A
"Rev 5 (2026-07-27)",REMOVED,"Titan Lake H2 Product","PO Start","2028-07-08T00:00:00.000Z","202828",N/A,N/A,N/A
"Rev 5 (2026-07-27)",REMOVED,"Razor Lake U Product","QS","2028-05-20T00:00:00.000Z","202821",N/A,N/A,N/A
"Rev 5 (2026-07-27)",REMOVED,"Nova Lake PCH-S Product","PRQ","2026-12-17T00:00:00.000Z","202651",N/A,N/A,N/A
"Rev 5 (2026-07-27)",REMOVED,"Titan Lake H4 Product","PO Start","2028-06-10T00:00:00.000Z","202824",N/A,N/A,N/A
"Rev 5 (2026-07-27)",REMOVED,"Titan Lake H2 Product","PRQ","2028-11-18T00:00:00.000Z","202847",N/A,N/A,N/A
"Rev 5 (2026-07-27)",REMOVED,"Titan Lake B Product","PRQ","2028-11-25T00:00:00.000Z","202848",N/A,N/A,N/A
"Rev 5 (2026-07-27)",REMOVED,"Nova Lake HX Product","ES2","2026-06-25T00:00:00.000Z","202626",N/A,N/A,N/A
"Rev 5 (2026-07-27)",REMOVED,"Razor Lake S 28C Product","PO Start","2027-04-02T00:00:00.000Z","202714",N/A,N/A,N/A
"Rev 5 (2026-07-27)",REMOVED,"Razor Lake S 28C Product","PRQ","2027-12-10T00:00:00.000Z","202750",N/A,N/A,N/A
"Rev 5 (2026-07-27)",REMOVED,"Razor Lake S 28C BLLC Product","PRQ","2028-01-21T00:00:00.000Z","202804",N/A,N/A,N/A
"Rev 5 (2026-07-27)",REMOVED,"Razor Lake S 28C Product","ES","2027-04-23T00:00:00.000Z","202717",N/A,N/A,N/A
"Rev 5 (2026-07-27)",REMOVED,"Nova Lake S 28C Product","QS","2026-09-25T00:00:00.000Z","202639",N/A,N/A,N/A
"Rev 5 (2026-07-27)",REMOVED,"Titan Lake BX Product","PRQ","2028-07-29T00:00:00.000Z","202831",N/A,N/A,N/A
"Rev 5 (2026-07-27)",REMOVED,"Razor Lake HX Product","ES","2027-05-28T00:00:00.000Z","202722",N/A,N/A,N/A
"Rev 5 (2026-07-27)",REMOVED,"Titan Lake H4 Product","PRQ","2028-10-21T00:00:00.000Z","202843",N/A,N/A,N/A
"Rev 5 (2026-07-27)",REMOVED,"Razor Lake HX Product","PO Start","2027-04-16T00:00:00.000Z","202716",N/A,N/A,N/A
"Rev 5 (2026-07-27)",REMOVED,"Razor Lake S 52C BLLC Product","QS","2027-12-17T00:00:00.000Z","202751",N/A,N/A,N/A
"Rev 5 (2026-07-27)",REMOVED,"Nova Lake S 28C Product","PO Start","2026-07-17T00:00:00.000Z","202629",N/A,N/A,N/A
"Rev 5 (2026-07-27)",REMOVED,"Razor Lake CPU 4P+8E Ext Die","Tape In","2027-06-11T00:00:00.000Z","202724",N/A,N/A,N/A
"Rev 5 (2026-07-27)",REMOVED,"Titan Lake B Product","PRQ","2028-08-26T00:00:00.000Z","202835",N/A,N/A,N/A
"Rev 5 (2026-07-27)",REMOVED,"Titan Lake B Product","PO Start","2028-02-12T00:00:00.000Z","202807",N/A,N/A,N/A
"Rev 5 (2026-07-27)",REMOVED,"Razor Lake S 28C Product","QS","2027-10-22T00:00:00.000Z","202743",N/A,N/A,N/A
"Rev 5 (2026-07-27)",REMOVED,"Razor Lake HX Product","PO Start","2026-12-10T00:00:00.000Z","202650",N/A,N/A,N/A
"Rev 5 (2026-07-27)",REMOVED,"Razor Lake CPU 8P+16E Die","Tape In","2027-03-04T00:00:00.000Z","202710",N/A,N/A,N/A
"Rev 5 (2026-07-27)",REMOVED,"Titan Lake H4 Product","QS","2028-09-02T00:00:00.000Z","202836",N/A,N/A,N/A
"Rev 5 (2026-07-27)",REMOVED,"Razor Lake CPU 4P+8E Ext Die","Sort PO*","2027-09-17T00:00:00.000Z","202738",N/A,N/A,N/A
"Rev 5 (2026-07-27)",REMOVED,"Razor Lake HX Product","PO Start","2027-07-30T00:00:00.000Z","202731",N/A,N/A,N/A
"Rev 5 (2026-07-27)",REMOVED,"Razor Lake HX Product","QS","2027-11-05T00:00:00.000Z","202745",N/A,N/A,N/A
"Rev 5 (2026-07-27)",REMOVED,"Nova Lake PCH-S Product","QS","2026-10-29T00:00:00.000Z","202644",N/A,N/A,N/A
"Rev 5 (2026-07-27)",REMOVED,"Razor Lake S 52C BLLC Product","PRQ","2028-02-04T00:00:00.000Z","202806",N/A,N/A,N/A
"Rev 5 (2026-07-27)",REMOVED,"Razor Lake S 28C BLLC Product","QS","2027-12-03T00:00:00.000Z","202749",N/A,N/A,N/A
"Rev 5 (2026-07-27)",REMOVED,"Razor Lake S 28C Product","PO Start","2027-07-16T00:00:00.000Z","202729",N/A,N/A,N/A