Product,Milestone,Die,Usage,Category,KeyType
NVL,ES,CPU0,D2D-1CDIE,INVENTORY,4580
NVL,ES,CPU0,D2D-2CDIE,INVENTORY,4581
NVL,ES,CPU0,EnDebug,NON_INV,4164
NVL,ES,CPU0,PartID,NON_INV,77777
NVL,ES,CPU0,Red,NON_INV,4604
NVL,ES,CPU0,User2,NON_INV,4605
NVL,ES,CPU0,Host,NON_INV,1600
NVL,ES,CPU1,D2D-1CDIE,INVENTORY,4580
NVL,ES,CPU1,D2D-2CDIE,INVENTORY,4581
NVL,ES,CPU1,EnDebug,NON_INV,4164
NVL,ES,CPU1,PartID,NON_INV,77777
NVL,ES,CPU1,Red,NON_INV,4604
NVL,ES,CPU1,User2,NON_INV,4605
NVL,ES,CPU1,Host,NON_INV,1599
NVL,ES,HUB,D2D-1CDIE,INVENTORY,4580
NVL,ES,HUB,D2D-2CDIE,INVENTORY,4581
NVL,ES,HUB,EnDebug,NON_INV,4163
NVL,ES,HUB,PartID,NON_INV,77777
NVL,ES,HUB,Red,NON_INV,4599
NVL,ES,HUB,User2,NON_INV,4601
NVL,ES,HUB,Host,NON_INV,1601
NVL,ES,HUB,HDCP,NON_INV,1317
NVL,ES,HUB,RandUniq,NON_INV,1479
NVL,ES,HUB,GSC ODCA,INVENTORY,4634
NVL,ES,GCD,D2D-1CDIE,INVENTORY,4580
NVL,ES,GCD,D2D-2CDIE,INVENTORY,4581
NVL,ES,GCD,EnDebug,NON_INV,4379
NVL,ES,GCD,PartID,NON_INV,77777
NVL,ES,GCD,Red,NON_INV,4602
NVL,ES,GCD,User2,NON_INV,4603
NVL,ES,GCD,Host,NON_INV,1602
NVL,ES,PCD_S,D2D-1CDIE,INVENTORY,4580
NVL,ES,PCD_S,D2D-2CDIE,INVENTORY,4581
NVL,ES,PCD_S,EnDebug,NON_INV,4160
NVL,ES,PCD_S,PartID,NON_INV,77777
NVL,ES,PCD_S,Red,NON_INV,4426
NVL,ES,PCD_S,User2,NON_INV,4425
NVL,ES,PCD_S,User6,NON_INV,4424
NVL,ES,PCD_S,Host,NON_INV,2480
NVL,ES,PCD_S,RandUniq,NON_INV,1479
NVL,ES,PCD_S,ESE ODCA + CRT,INVENTORY,4640
NVL,ES,PCD_S,OSSE ODCA + CRT,INVENTORY,4637
NVL,ES,PCD_S,Host_OSSE,NON_INV,2481
NVL,ES,PCD_S,Host_PCD_INTELIFP,NON_INV,3600
NVL,ES,PCD_S,Host_OSSE_INTELIFP,NON_INV,4659
NVL,ES,PCD_S,Host_PCD_OEMIFP,NON_INV,4259
NVL,ES,PCD_H,D2D-1CDIE,INVENTORY,4580
NVL,ES,PCD_H,D2D-2CDIE,INVENTORY,4581
NVL,ES,PCD_H,EnDebug,NON_INV,4161
NVL,ES,PCD_H,PartID,NON_INV,77777
NVL,ES,PCD_H,Red,NON_INV,4423
NVL,ES,PCD_H,User2,NON_INV,4422
NVL,ES,PCD_H,User6,NON_INV,4419
NVL,ES,PCD_H,Host,NON_INV,2480
NVL,ES,PCD_H,RandUniq,NON_INV,1479
NVL,ES,PCD_H,ESE ODCA + CRT,INVENTORY,4628
NVL,ES,PCD_H,CSME ODCA + CRT,INVENTORY,4631
NVL,ES,PCD_H,OSSE ODCA + CRT,INVENTORY,4625
NVL,ES,PCD_H,Host_OSSE,NON_INV,2481
NVL,ES,PCD_H,Host_PCD_INTELIFP,NON_INV,3600
NVL,ES,PCD_H,Host_OSSE_INTELIFP,NON_INV,4659
NVL,ES,PCD_H,Host_PCD_OEMIFP,NON_INV,4259
NVL,ES,PCH_S,EnDebug,NON_INV,4162
NVL,ES,PCH_S,PartID,NON_INV,77777
NVL,ES,PCH_S,Red,NON_INV,4429
NVL,ES,PCH_S,User2,NON_INV,4428
NVL,ES,PCH_S,User6,NON_INV,4427
NVL,ES,PCH_S,Host,NON_INV,2480
NVL,ES,PCH_S,ESE ODCA + CRT,INVENTORY,4643
NVL,ES,PCH_S,CSME ODCA + CRT,INVENTORY,4646
NVL,QS,CPU0,D2D-1CDIE,INVENTORY,4580
NVL,QS,CPU0,D2D-2CDIE,INVENTORY,4581
NVL,QS,CPU0,EnDebug,NON_INV,4164
NVL,QS,CPU0,PartID,NON_INV,77777
NVL,QS,CPU0,Red,NON_INV,4604
NVL,QS,CPU0,User2,NON_INV,4605
NVL,QS,CPU0,Host,NON_INV,1600
NVL,QS,CPU1,D2D-1CDIE,INVENTORY,4580
NVL,QS,CPU1,D2D-2CDIE,INVENTORY,4581
NVL,QS,CPU1,EnDebug,NON_INV,4164
NVL,QS,CPU1,PartID,NON_INV,77777
NVL,QS,CPU1,Red,NON_INV,4604
NVL,QS,CPU1,User2,NON_INV,4605
NVL,QS,CPU1,Host,NON_INV,1599
NVL,QS,HUB,D2D-1CDIE,INVENTORY,4580
NVL,QS,HUB,D2D-2CDIE,INVENTORY,4581
NVL,QS,HUB,EnDebug,NON_INV,4163
NVL,QS,HUB,PartID,NON_INV,77777
NVL,QS,HUB,Red,NON_INV,4599
NVL,QS,HUB,User2,NON_INV,4601
NVL,QS,HUB,Host,NON_INV,1601
NVL,QS,HUB,HDCP,NON_INV,1317
NVL,QS,HUB,RandUniq,NON_INV,1479
NVL,QS,HUB,GSC ODCA,INVENTORY,4636
NVL,QS,GCD,D2D-1CDIE,INVENTORY,4580
NVL,QS,GCD,D2D-2CDIE,INVENTORY,4581
NVL,QS,GCD,EnDebug,NON_INV,4379
NVL,QS,GCD,PartID,NON_INV,77777
NVL,QS,GCD,Red,NON_INV,4602
NVL,QS,GCD,User2,NON_INV,4603
NVL,QS,GCD,Host,NON_INV,1602
NVL,QS,PCD_S,D2D-1CDIE,INVENTORY,4580
NVL,QS,PCD_S,D2D-2CDIE,INVENTORY,4581
NVL,QS,PCD_S,EnDebug,NON_INV,4160
NVL,QS,PCD_S,PartID,NON_INV,77777
NVL,QS,PCD_S,Red,NON_INV,4426
NVL,QS,PCD_S,User2,NON_INV,4425
NVL,QS,PCD_S,User6,NON_INV,4424
NVL,QS,PCD_S,Host,NON_INV,2480
NVL,QS,PCD_S,RandUniq,NON_INV,1479
NVL,QS,PCD_S,ESE ODCA + CRT,INVENTORY,4642
NVL,QS,PCD_S,OSSE ODCA + CRT,INVENTORY,4639
NVL,QS,PCD_S,Host_OSSE,NON_INV,2481
NVL,QS,PCD_S,Host_PCD_INTELIFP,NON_INV,3600
NVL,QS,PCD_S,Host_OSSE_INTELIFP,NON_INV,4659
NVL,QS,PCD_S,Host_PCD_OEMIFP,NON_INV,4259
NVL,QS,PCD_H,D2D-1CDIE,INVENTORY,4580
NVL,QS,PCD_H,D2D-2CDIE,INVENTORY,4581
NVL,QS,PCD_H,EnDebug,NON_INV,4161
NVL,QS,PCD_H,PartID,NON_INV,77777
NVL,QS,PCD_H,Red,NON_INV,4423
NVL,QS,PCD_H,User2,NON_INV,4422
NVL,QS,PCD_H,User6,NON_INV,4419
NVL,QS,PCD_H,Host,NON_INV,2480
NVL,QS,PCD_H,RandUniq,NON_INV,1479
NVL,QS,PCD_H,ESE ODCA + CRT,INVENTORY,4630
NVL,QS,PCD_H,CSME ODCA + CRT,INVENTORY,4633
NVL,QS,PCD_H,OSSE ODCA + CRT,INVENTORY,4627
NVL,QS,PCD_H,Host_OSSE,NON_INV,2481
NVL,QS,PCD_H,Host_PCD_INTELIFP,NON_INV,3600
NVL,QS,PCD_H,Host_OSSE_INTELIFP,NON_INV,4659
NVL,QS,PCD_H,Host_PCD_OEMIFP,NON_INV,4259
NVL,QS,PCH_S,EnDebug,NON_INV,4162
NVL,QS,PCH_S,PartID,NON_INV,77777
NVL,QS,PCH_S,Red,NON_INV,4429
NVL,QS,PCH_S,User2,NON_INV,4428
NVL,QS,PCH_S,User6,NON_INV,4427
NVL,QS,PCH_S,Host,NON_INV,2480
NVL,QS,PCH_S,ESE ODCA + CRT,INVENTORY,4645
NVL,QS,PCH_S,CSME ODCA + CRT,INVENTORY,4648
NVL,PRQ,CPU0,D2D-1CDIE,INVENTORY,4580
NVL,PRQ,CPU0,D2D-2CDIE,INVENTORY,4581
NVL,PRQ,CPU0,EnDebug,NON_INV,4164
NVL,PRQ,CPU0,PartID,NON_INV,77777
NVL,PRQ,CPU0,Red,NON_INV,4604
NVL,PRQ,CPU0,User2,NON_INV,4605
NVL,PRQ,CPU0,Host,NON_INV,1600
NVL,PRQ,CPU1,D2D-1CDIE,INVENTORY,4580
NVL,PRQ,CPU1,D2D-2CDIE,INVENTORY,4581
NVL,PRQ,CPU1,EnDebug,NON_INV,4164
NVL,PRQ,CPU1,PartID,NON_INV,77777
NVL,PRQ,CPU1,Red,NON_INV,4604
NVL,PRQ,CPU1,User2,NON_INV,4605
NVL,PRQ,CPU1,Host,NON_INV,1599
NVL,PRQ,HUB,D2D-1CDIE,INVENTORY,4580
NVL,PRQ,HUB,D2D-2CDIE,INVENTORY,4581
NVL,PRQ,HUB,EnDebug,NON_INV,4163
NVL,PRQ,HUB,PartID,NON_INV,77777
NVL,PRQ,HUB,Red,NON_INV,4599
NVL,PRQ,HUB,User2,NON_INV,4601
NVL,PRQ,HUB,Host,NON_INV,1601
NVL,PRQ,HUB,HDCP,NON_INV,1317
NVL,PRQ,HUB,RandUniq,NON_INV,1479
NVL,PRQ,HUB,GSC ODCA,INVENTORY,4635
NVL,PRQ,GCD,D2D-1CDIE,INVENTORY,4580
NVL,PRQ,GCD,D2D-2CDIE,INVENTORY,4581
NVL,PRQ,GCD,EnDebug,NON_INV,4379
NVL,PRQ,GCD,PartID,NON_INV,77777
NVL,PRQ,GCD,Red,NON_INV,4602
NVL,PRQ,GCD,User2,NON_INV,4603
NVL,PRQ,GCD,Host,NON_INV,1602
NVL,PRQ,PCD_S,D2D-1CDIE,INVENTORY,4580
NVL,PRQ,PCD_S,D2D-2CDIE,INVENTORY,4581
NVL,PRQ,PCD_S,EnDebug,NON_INV,4160
NVL,PRQ,PCD_S,PartID,NON_INV,77777
NVL,PRQ,PCD_S,Red,NON_INV,4426
NVL,PRQ,PCD_S,User2,NON_INV,4425
NVL,PRQ,PCD_S,User6,NON_INV,4424
NVL,PRQ,PCD_S,Host,NON_INV,2480
NVL,PRQ,PCD_S,RandUniq,NON_INV,1479
NVL,PRQ,PCD_S,ESE ODCA + CRT,INVENTORY,4641
NVL,PRQ,PCD_S,OSSE ODCA + CRT,INVENTORY,4638
NVL,PRQ,PCD_H,D2D-1CDIE,INVENTORY,4580
NVL,PRQ,PCD_H,D2D-2CDIE,INVENTORY,4581
NVL,PRQ,PCD_H,EnDebug,NON_INV,4161
NVL,PRQ,PCD_H,PartID,NON_INV,77777
NVL,PRQ,PCD_H,Red,NON_INV,4423
NVL,PRQ,PCD_H,User2,NON_INV,4422
NVL,PRQ,PCD_H,User6,NON_INV,4419
NVL,PRQ,PCD_H,Host,NON_INV,2480
NVL,PRQ,PCD_H,RandUniq,NON_INV,1479
NVL,PRQ,PCD_H,ESE ODCA + CRT,INVENTORY,4629
NVL,PRQ,PCD_H,CSME ODCA + CRT,INVENTORY,4632
NVL,PRQ,PCD_H,OSSE ODCA + CRT,INVENTORY,4626
NVL,PRQ,PCH_S,EnDebug,NON_INV,4162
NVL,PRQ,PCH_S,PartID,NON_INV,77777
NVL,PRQ,PCH_S,Red,NON_INV,4429
NVL,PRQ,PCH_S,User2,NON_INV,4428
NVL,PRQ,PCH_S,User6,NON_INV,4427
NVL,PRQ,PCH_S,Host,NON_INV,2480
NVL,PRQ,PCH_S,ESE ODCA + CRT,INVENTORY,4644
NVL,PRQ,PCH_S,CSME ODCA + CRT,INVENTORY,4647
NVL,PRQ,PCD_S,Host_OSSE,NON_INV,2481
NVL,PRQ,PCD_S,Host_PCD_INTELIFP,NON_INV,3600
NVL,PRQ,PCD_S,Host_OSSE_INTELIFP,NON_INV,4659
NVL,PRQ,PCD_S,Host_PCD_OEMIFP,NON_INV,4259
NVL,PRQ,PCD_H,Host_OSSE,NON_INV,2481
NVL,PRQ,PCD_H,Host_PCD_INTELIFP,NON_INV,3600
NVL,PRQ,PCD_H,Host_OSSE_INTELIFP,NON_INV,4659
NVL,PRQ,PCD_H,Host_PCD_OEMIFP,NON_INV,4259
