"ProductGroupNm","DesignItemDsc","RevStepCd","SpeedDesignId","YearQuarterTxt","YearMonthTxt","MfgLocationCd","DesignItemMilestone","MfgLocationStage","KF_Qty"
"NOVA LAKE","NOVA LAKE H PRODUCT","B0","10051746","202603","202609","VAL","POS","FINISH","16192"
"NOVA LAKE","NOVA LAKE H PRODUCT","B0","10051746","202604","202610","T90","QS","FINISH","245292"
"NOVA LAKE","NOVA LAKE H PRODUCT","B0","10051746","202604","202611","T90","QS","FINISH","366258"
"NOVA LAKE","NOVA LAKE H PRODUCT","B0","10051746","202701","202702","T90","QS","FINISH","72683"
"NOVA LAKE","NOVA LAKE H PRODUCT","B0","10051746","202701","202703","T90","QS","FINISH","55268"
"NOVA LAKE","NOVA LAKE H PRODUCT","B1","10051746","202604","202611","T90","QS","FINISH","1800"
"NOVA LAKE","NOVA LAKE H PRODUCT","B1","10051746","202604","202612","T90","QS","FINISH","156900"
"NOVA LAKE","NOVA LAKE H PRODUCT","B1","10051746","202701","202703","T90","QS","FINISH","158700"
"NOVA LAKE","NOVA LAKE H PRODUCT","B6","10051746","202604","202610","T90","QS","FINISH","85632"
"NOVA LAKE","NOVA LAKE H PRODUCT","B6","10051746","202604","202611","T90","QS","FINISH","127800"
"NOVA LAKE","NOVA LAKE H PRODUCT","B6","10051746","202604","202612","T90","QS","FINISH","156900"
"NOVA LAKE","NOVA LAKE H PRODUCT","B6","10051746","202701","202703","T90","QS","FINISH","158700"
"NOVA LAKE","NOVA LAKE H PRODUCT-TEST","B0","10051746","202603","202609","VAL","POS","TEST","8174"
"NOVA LAKE","NOVA LAKE H PRODUCT-TEST","B0","10051746","202604","202610","T90","QS","TEST","349614"
"NOVA LAKE","NOVA LAKE H PRODUCT-TEST","B0","10051746","202604","202611","T90","QS","TEST","272848"
"NOVA LAKE","NOVA LAKE H PRODUCT-TEST","B0","10051746","202701","202702","T90","QS","TEST","95472"
"NOVA LAKE","NOVA LAKE H PRODUCT-TEST","B0","10051746","202701","202703","T90","QS","TEST","24219"
"NOVA LAKE","NOVA LAKE H PRODUCT-TEST","B1","10051746","202604","202611","T90","QS","TEST","81600"
"NOVA LAKE","NOVA LAKE H PRODUCT-TEST","B1","10051746","202604","202612","T90","QS","TEST","120600"
"NOVA LAKE","NOVA LAKE H PRODUCT-TEST","B1","10051746","202701","202703","T90","QS","TEST","202200"
"NOVA LAKE","NOVA LAKE H PRODUCT-TEST","B6","10051746","202604","202611","T90","QS","TEST","81600"
"NOVA LAKE","NOVA LAKE H PRODUCT-TEST","B6","10051746","202604","202612","T90","QS","TEST","120600"
"NOVA LAKE","NOVA LAKE H PRODUCT-TEST","B6","10051746","202701","202703","T90","QS","TEST","202200"
"NOVA LAKE","NOVA LAKE HX PRODUCT","C0","10051722","202603","202609","VAL","POS","FINISH","58314"
"NOVA LAKE","NOVA LAKE HX PRODUCT","C0","10051722","202604","202610","VAL","POS","FINISH","5732"
"NOVA LAKE","NOVA LAKE HX PRODUCT","C0","10051722","202604","202612","T90","QS","FINISH","366326"
"NOVA LAKE","NOVA LAKE HX PRODUCT","C0","10051722","202701","202701","T90","QS","FINISH","42934"
"NOVA LAKE","NOVA LAKE HX PRODUCT","C0","10051722","202701","202702","T90","QS","FINISH","159842"
"NOVA LAKE","NOVA LAKE HX PRODUCT","C1","10051722","202604","202612","T90","QS","FINISH","18000"
"NOVA LAKE","NOVA LAKE HX PRODUCT","C1","10051722","202701","202701","T90","QS","FINISH","150000"
"NOVA LAKE","NOVA LAKE HX PRODUCT","C6","10051722","202701","202701","T90","QS","FINISH","150000"
"NOVA LAKE","NOVA LAKE HX PRODUCT-TEST","C0","10051722","202603","202609","T90","QS","TEST","6000"
"NOVA LAKE","NOVA LAKE HX PRODUCT-TEST","C0","10051722","202603","202609","VAL","POS","TEST","49230"
"NOVA LAKE","NOVA LAKE HX PRODUCT-TEST","C0","10051722","202604","202610","VAL","POS","TEST","1940"
"NOVA LAKE","NOVA LAKE HX PRODUCT-TEST","C0","10051722","202604","202611","T90","QS","TEST","37892"
"NOVA LAKE","NOVA LAKE HX PRODUCT-TEST","C0","10051722","202604","202612","T90","QS","TEST","378668"
"NOVA LAKE","NOVA LAKE HX PRODUCT-TEST","C0","10051722","202701","202702","T90","QS","TEST","162736"
"NOVA LAKE","NOVA LAKE HX PRODUCT-TEST","C1","10051722","202604","202612","T90","QS","TEST","78000"
"NOVA LAKE","NOVA LAKE HX PRODUCT-TEST","C1","10051722","202701","202701","T90","QS","TEST","108000"
"NOVA LAKE","NOVA LAKE HX PRODUCT-TEST","C6","10051722","202604","202612","T90","QS","TEST","78000"
"NOVA LAKE","NOVA LAKE HX PRODUCT-TEST","C6","10051722","202701","202701","T90","QS","TEST","108000"
"NOVA LAKE","NOVA LAKE P (B0) PRODUCT","B0","10070459","202603","202609","VAL","POS","FINISH","2012"
"NOVA LAKE","NOVA LAKE P (B0) PRODUCT","B0","10070459","202604","202610","VAL","POS","FINISH","12100"
"NOVA LAKE","NOVA LAKE P (B0) PRODUCT","B0","10070459","202604","202611","VAL","POS","FINISH","32240"
"NOVA LAKE","NOVA LAKE P (B0) PRODUCT","B0","10070459","202604","202612","VAL","POS","FINISH","40300"
"NOVA LAKE","NOVA LAKE P (B0) PRODUCT","B0","10070459","202701","202701","T90","QS","FINISH","75020"
"NOVA LAKE","NOVA LAKE P (B0) PRODUCT","B0","10070459","202701","202701","VAL","POS","FINISH","14284"
"NOVA LAKE","NOVA LAKE P (B0) PRODUCT","B0","10070459","202701","202702","T90","QS","FINISH","411192"
"NOVA LAKE","NOVA LAKE P (B0) PRODUCT","B0","10070459","202701","202702","VAL","POS","FINISH","41396"
"NOVA LAKE","NOVA LAKE P (B0) PRODUCT","B0","10070459","202701","202703","T90","QS","FINISH","589371"
"NOVA LAKE","NOVA LAKE P (B0) PRODUCT-TEST","B0","10070459","202603","202609","VAL","POS","TEST","2046"
"NOVA LAKE","NOVA LAKE P (B0) PRODUCT-TEST","B0","10070459","202604","202610","VAL","POS","TEST","20520"
"NOVA LAKE","NOVA LAKE P (B0) PRODUCT-TEST","B0","10070459","202604","202611","VAL","POS","TEST","32800"
"NOVA LAKE","NOVA LAKE P (B0) PRODUCT-TEST","B0","10070459","202604","202612","VAL","POS","TEST","38008"
"NOVA LAKE","NOVA LAKE P (B0) PRODUCT-TEST","B0","10070459","202701","202701","T90","QS","TEST","127288"
"NOVA LAKE","NOVA LAKE P (B0) PRODUCT-TEST","B0","10070459","202701","202701","VAL","POS","TEST","9316"
"NOVA LAKE","NOVA LAKE P (B0) PRODUCT-TEST","B0","10070459","202701","202702","T90","QS","TEST","643209"
"NOVA LAKE","NOVA LAKE P (B0) PRODUCT-TEST","B0","10070459","202701","202702","VAL","POS","TEST","42133"
"NOVA LAKE","NOVA LAKE P (B0) PRODUCT-TEST","B0","10070459","202701","202703","T90","QS","TEST","525221"
"NOVA LAKE","NOVA LAKE P PRODUCT","A0","10046219","202603","202609","T90","ES2","FINISH","41738"
"NOVA LAKE","NOVA LAKE P PRODUCT-TEST","A0","10046219","202603","202609","T90","ES2","TEST","18492"
"NOVA LAKE","NOVA LAKE PCH-S PRODUCT","C0","10044315","202603","202609","T90","QS","FINISH","136714"
"NOVA LAKE","NOVA LAKE PCH-S PRODUCT-TEST","C0","10044315","202603","202609","T48","QS","TEST","244734"
"NOVA LAKE","NOVA LAKE PCH-S PRODUCT-TEST","C0","10044315","202603","202609","T90","QS","TEST","68014"
"NOVA LAKE","NOVA LAKE PCH-S PRODUCT-TEST","C0","10044315","202604","202610","T90","QS","TEST","192164"
"NOVA LAKE","NOVA LAKE PCH-S PRODUCT-TEST","C0","10044315","202701","202703","T90","QS","TEST","249777"
"NOVA LAKE","NOVA LAKE PCH-S PRODUCT-TEST","C0","10044315","202702","202704","T48","QS","TEST","303783"
"NOVA LAKE","NOVA LAKE PCH-S PRODUCT-TEST","C0","10044315","202702","202704","T90","QS","TEST","293136"
"NOVA LAKE","NOVA LAKE PCH-S PRODUCT-TEST","C0","10044315","202702","202705","T48","QS","TEST","408972"
"NOVA LAKE","NOVA LAKE PCH-S PRODUCT-TEST","C0","10044315","202702","202705","T90","QS","TEST","174936"
"NOVA LAKE","NOVA LAKE PCH-S PRODUCT-TEST","C0","10044315","202803","202808","T48","QS","TEST","173247"
"NOVA LAKE","NOVA LAKE PCH-S PRODUCT-TEST","C0","10044315","202803","202808","T90","QS","TEST","173247"
"NOVA LAKE","NOVA LAKE S 16C PRODUCT","B0","10044320","202603","202609","VAL","POS","FINISH","16720"
"NOVA LAKE","NOVA LAKE S 16C PRODUCT","B1","10044320","202603","202609","VAL","POS","FINISH","15020"
"NOVA LAKE","NOVA LAKE S 16C PRODUCT","B1","10044320","202604","202610","T31","QS","FINISH","30512"
"NOVA LAKE","NOVA LAKE S 16C PRODUCT","B1","10044320","202604","202611","T31","QS","FINISH","173872"
"NOVA LAKE","NOVA LAKE S 16C PRODUCT","B1","10044320","202604","202612","T31","QS","FINISH","205456"
"NOVA LAKE","NOVA LAKE S 16C PRODUCT","B1","10044320","202701","202703","T31","QS","FINISH","61334"
"NOVA LAKE","NOVA LAKE S 16C PRODUCT","B6","10044320","202604","202612","T31","POS","FINISH","39600"
"NOVA LAKE","NOVA LAKE S 16C PRODUCT","B6","10044320","202701","202701","T31","POS","FINISH","39600"
"NOVA LAKE","NOVA LAKE S 16C PRODUCT-TEST","B0","10044320","202603","202609","VAL","POS","TEST","19778"
"NOVA LAKE","NOVA LAKE S 16C PRODUCT-TEST","B1","10044320","202603","202609","T31","QS","TEST","12880"
"NOVA LAKE","NOVA LAKE S 16C PRODUCT-TEST","B1","10044320","202603","202609","VAL","POS","TEST","3940"
"NOVA LAKE","NOVA LAKE S 16C PRODUCT-TEST","B1","10044320","202604","202610","T31","QS","TEST","96326"
"NOVA LAKE","NOVA LAKE S 16C PRODUCT-TEST","B1","10044320","202604","202611","T31","QS","TEST","300304"
"NOVA LAKE","NOVA LAKE S 16C PRODUCT-TEST","B1","10044320","202604","202612","T31","QS","TEST","233100"
"NOVA LAKE","NOVA LAKE S 16C PRODUCT-TEST","B1","10044320","202701","202701","T31","QS","TEST","2760"
"NOVA LAKE","NOVA LAKE S 16C PRODUCT-TEST","B1","10044320","202701","202703","T31","QS","TEST","67627"
"NOVA LAKE","NOVA LAKE S 16C PRODUCT-TEST","B6","10044320","202604","202612","T31","POS","TEST","79200"
"NOVA LAKE","NOVA LAKE S 16C PRODUCT-TEST","B6","10044320","202702","202705","T31","POS","TEST","12000"
"NOVA LAKE","NOVA LAKE S 28C BLLC PRODUCT","A0","10056462","202604","202612","T31","POS","FINISH","94800"
"NOVA LAKE","NOVA LAKE S 28C BLLC PRODUCT","A0","10056462","202701","202701","T31","POS","FINISH","201000"
"NOVA LAKE","NOVA LAKE S 28C BLLC PRODUCT","A1","10056462","202603","202609","T31","QS","FINISH","95914"
"NOVA LAKE","NOVA LAKE S 28C BLLC PRODUCT","A1","10056462","202604","202612","T31","QS","FINISH","216000"
"NOVA LAKE","NOVA LAKE S 28C BLLC PRODUCT","A1","10056462","202701","202703","T31","QS","FINISH","12000"
"NOVA LAKE","NOVA LAKE S 28C BLLC PRODUCT","A6","10056462","202604","202612","T31","POS","FINISH","266160"
"NOVA LAKE","NOVA LAKE S 28C BLLC PRODUCT","A6","10056462","202701","202701","T31","POS","FINISH","142320"
"NOVA LAKE","NOVA LAKE S 28C BLLC PRODUCT-TEST","A0","10056462","202604","202612","T31","POS","TEST","408000"
"NOVA LAKE","NOVA LAKE S 28C BLLC PRODUCT-TEST","A0","10056462","202701","202701","T31","POS","TEST","66000"
"NOVA LAKE","NOVA LAKE S 28C BLLC PRODUCT-TEST","A1","10056462","202603","202609","T31","QS","TEST","44306"
"NOVA LAKE","NOVA LAKE S 28C BLLC PRODUCT-TEST","A1","10056462","202604","202611","T31","QS","TEST","24000"
"NOVA LAKE","NOVA LAKE S 28C BLLC PRODUCT-TEST","A1","10056462","202604","202612","T31","QS","TEST","192000"
"NOVA LAKE","NOVA LAKE S 28C BLLC PRODUCT-TEST","A1","10056462","202701","202702","T11","QS","TEST","7344"
"NOVA LAKE","NOVA LAKE S 28C BLLC PRODUCT-TEST","A1","10056462","202701","202703","T11","QS","TEST","9180"
"NOVA LAKE","NOVA LAKE S 28C BLLC PRODUCT-TEST","A1","10056462","202701","202703","T31","QS","TEST","12000"
"NOVA LAKE","NOVA LAKE S 28C BLLC PRODUCT-TEST","A1","10056462","202702","202704","T11","QS","TEST","7344"
"NOVA LAKE","NOVA LAKE S 28C BLLC PRODUCT-TEST","A1","10056462","202702","202705","T11","QS","TEST","6417"
"NOVA LAKE","NOVA LAKE S 28C BLLC PRODUCT-TEST","A6","10056462","202604","202612","T31","POS","TEST","331440"
"NOVA LAKE","NOVA LAKE S 28C BLLC PRODUCT-TEST","A6","10056462","202701","202701","T31","POS","TEST","77040"
"NOVA LAKE","NOVA LAKE S 28C PRODUCT","C1","10053348","202603","202609","T31","QS","FINISH","391000"
"NOVA LAKE","NOVA LAKE S 28C PRODUCT","C1","10053348","202603","202609","VAL","POS","FINISH","9888"
"NOVA LAKE","NOVA LAKE S 28C PRODUCT","C1","10053348","202604","202610","T31","QS","FINISH","180000"
"NOVA LAKE","NOVA LAKE S 28C PRODUCT","C1","10053348","202604","202611","T31","QS","FINISH","79200"
"NOVA LAKE","NOVA LAKE S 28C PRODUCT","C1","10053348","202604","202612","T31","QS","FINISH","48766"
"NOVA LAKE","NOVA LAKE S 28C PRODUCT","C1","10053348","202701","202701","T31","QS","FINISH","120600"
"NOVA LAKE","NOVA LAKE S 28C PRODUCT","C1","10053348","202701","202702","T31","QS","FINISH","144979"
"NOVA LAKE","NOVA LAKE S 28C PRODUCT-TEST","C1","10053348","202603","202609","T31","QS","TEST","558460"
"NOVA LAKE","NOVA LAKE S 28C PRODUCT-TEST","C1","10053348","202603","202609","VAL","POS","TEST","10022"
"NOVA LAKE","NOVA LAKE S 28C PRODUCT-TEST","C1","10053348","202604","202610","T31","QS","TEST","60000"
"NOVA LAKE","NOVA LAKE S 28C PRODUCT-TEST","C1","10053348","202604","202611","T31","QS","TEST","104140"
"NOVA LAKE","NOVA LAKE S 28C PRODUCT-TEST","C1","10053348","202604","202612","T31","QS","TEST","24692"
"NOVA LAKE","NOVA LAKE S 28C PRODUCT-TEST","C1","10053348","202701","202701","T31","QS","TEST","261000"
"NOVA LAKE","NOVA LAKE S 28C PRODUCT-TEST","C1","10053348","202701","202702","T31","QS","TEST","65015"
"NOVA LAKE","NOVA LAKE S 28C PRODUCT-TEST","C1","10053348","202701","202703","T31","QS","TEST","12000"
"NOVA LAKE","NOVA LAKE S 52C BLLC PRODUCT","B0","10071900","202603","202609","VAL","POS","FINISH","39582"
"NOVA LAKE","NOVA LAKE S 52C BLLC PRODUCT","B0","10071900","202701","202702","T31","POS","FINISH","15000"
"NOVA LAKE","NOVA LAKE S 52C BLLC PRODUCT","B1","10071900","202603","202609","VAL","POS","FINISH","16120"
"NOVA LAKE","NOVA LAKE S 52C BLLC PRODUCT","B1","10071900","202604","202611","T31","QS","FINISH","4800"
"NOVA LAKE","NOVA LAKE S 52C BLLC PRODUCT","B1","10071900","202701","202701","T31","QS","FINISH","32928"
"NOVA LAKE","NOVA LAKE S 52C BLLC PRODUCT","B1","10071900","202701","202701","VAL","POS","FINISH","23854"
"NOVA LAKE","NOVA LAKE S 52C BLLC PRODUCT","B1","10071900","202701","202702","T31","QS","FINISH","86764"
"NOVA LAKE","NOVA LAKE S 52C BLLC PRODUCT","B1","10071900","202701","202702","VAL","POS","FINISH","11926"
"NOVA LAKE","NOVA LAKE S 52C BLLC PRODUCT","B1","10071900","202701","202703","T31","QS","FINISH","431158"
"NOVA LAKE","NOVA LAKE S 52C BLLC PRODUCT","B1","10071900","202702","202704","T31","QS","FINISH","91038"
"NOVA LAKE","NOVA LAKE S 52C BLLC PRODUCT-TEST","B0","10071900","202603","202609","T11","POS","TEST","12256"
"NOVA LAKE","NOVA LAKE S 52C BLLC PRODUCT-TEST","B0","10071900","202603","202609","VAL","POS","TEST","64400"
"NOVA LAKE","NOVA LAKE S 52C BLLC PRODUCT-TEST","B0","10071900","202604","202610","T11","POS","TEST","24512"
"NOVA LAKE","NOVA LAKE S 52C BLLC PRODUCT-TEST","B0","10071900","202604","202611","T11","POS","TEST","36768"
"NOVA LAKE","NOVA LAKE S 52C BLLC PRODUCT-TEST","B0","10071900","202604","202612","T11","POS","TEST","22032"
"NOVA LAKE","NOVA LAKE S 52C BLLC PRODUCT-TEST","B0","10071900","202701","202702","T31","POS","TEST","15000"
"NOVA LAKE","NOVA LAKE S 52C BLLC PRODUCT-TEST","B1","10071900","202603","202609","VAL","POS","TEST","16406"
"NOVA LAKE","NOVA LAKE S 52C BLLC PRODUCT-TEST","B1","10071900","202604","202611","T31","QS","TEST","4800"
"NOVA LAKE","NOVA LAKE S 52C BLLC PRODUCT-TEST","B1","10071900","202701","202701","T31","QS","TEST","66864"
"NOVA LAKE","NOVA LAKE S 52C BLLC PRODUCT-TEST","B1","10071900","202701","202701","VAL","POS","TEST","24278"
"NOVA LAKE","NOVA LAKE S 52C BLLC PRODUCT-TEST","B1","10071900","202701","202702","T31","QS","TEST","217800"
"NOVA LAKE","NOVA LAKE S 52C BLLC PRODUCT-TEST","B1","10071900","202701","202702","VAL","POS","TEST","12139"
"NOVA LAKE","NOVA LAKE S 52C BLLC PRODUCT-TEST","B1","10071900","202701","202703","T31","QS","TEST","403500"
"NOVA LAKE","NOVA LAKE S 52C BLLC PRODUCT-TEST","B1","10071900","202702","202704","T31","QS","TEST","47376"
"NOVA LAKE","NOVA LAKE S 52C BLLC PRODUCT-TEST","B1","10071900","202702","202705","T31","QS","TEST","6000"
"NOVA LAKE","NOVA LAKE S 52C BLLC PRODUCT-TEST","B1","10071900","202702","202706","T31","QS","TEST","6000"
"NOVA LAKE","NOVA LAKE S 8C PRODUCT","A0","10062746","202603","202609","VAL","POS","FINISH","26836"
"NOVA LAKE","NOVA LAKE S 8C PRODUCT","A1","10062746","202603","202609","VAL","POS","FINISH","18234"
"NOVA LAKE","NOVA LAKE S 8C PRODUCT","A1","10062746","202604","202611","T90","QS","FINISH","87184"
"NOVA LAKE","NOVA LAKE S 8C PRODUCT","A1","10062746","202604","202612","T90","QS","FINISH","350280"
"NOVA LAKE","NOVA LAKE S 8C PRODUCT","A1","10062746","202701","202701","T90","QS","FINISH","108000"
"NOVA LAKE","NOVA LAKE S 8C PRODUCT","A1","10062746","202701","202703","T90","QS","FINISH","86706"
"NOVA LAKE","NOVA LAKE S 8C PRODUCT-TEST","A0","10062746","202603","202609","VAL","POS","TEST","18782"
"NOVA LAKE","NOVA LAKE S 8C PRODUCT-TEST","A1","10062746","202603","202609","VAL","POS","TEST","22944"
"NOVA LAKE","NOVA LAKE S 8C PRODUCT-TEST","A1","10062746","202604","202611","T90","QS","TEST","136672"
"NOVA LAKE","NOVA LAKE S 8C PRODUCT-TEST","A1","10062746","202604","202612","T90","QS","TEST","371790"
"NOVA LAKE","NOVA LAKE S 8C PRODUCT-TEST","A1","10062746","202701","202701","T90","QS","TEST","42000"
"NOVA LAKE","NOVA LAKE S 8C PRODUCT-TEST","A1","10062746","202701","202703","T90","QS","TEST","97196"
"NOVA LAKE","NOVA LAKE U PRODUCT","A0","10044318","202603","202609","T31","QS","FINISH","73676"
"NOVA LAKE","NOVA LAKE U PRODUCT","A0","10044318","202603","202609","T90","QS","FINISH","30080"
"NOVA LAKE","NOVA LAKE U PRODUCT","A0","10044318","202603","202609","VAL","POS","FINISH","44500"
"NOVA LAKE","NOVA LAKE U PRODUCT","A0","10044318","202604","202610","T31","QS","FINISH","339882"
"NOVA LAKE","NOVA LAKE U PRODUCT","A0","10044318","202604","202610","T90","QS","FINISH","307288"
"NOVA LAKE","NOVA LAKE U PRODUCT","A0","10044318","202604","202610","VAL","POS","FINISH","22802"
"NOVA LAKE","NOVA LAKE U PRODUCT","A0","10044318","202604","202611","T31","QS","FINISH","90308"
"NOVA LAKE","NOVA LAKE U PRODUCT","A0","10044318","202604","202611","T90","QS","FINISH","72164"
"NOVA LAKE","NOVA LAKE U PRODUCT","A0","10044318","202701","202703","T31","QS","FINISH","24392"
"NOVA LAKE","NOVA LAKE U PRODUCT","A0","10044318","202701","202703","T90","QS","FINISH","19136"
"NOVA LAKE","NOVA LAKE U PRODUCT","A1","10044318","202604","202611","T31","QS","FINISH","336000"
"NOVA LAKE","NOVA LAKE U PRODUCT","A1","10044318","202604","202611","T90","QS","FINISH","12000"
"NOVA LAKE","NOVA LAKE U PRODUCT","A1","10044318","202604","202612","T31","QS","FINISH","126000"
"NOVA LAKE","NOVA LAKE U PRODUCT","A1","10044318","202604","202612","T90","QS","FINISH","6000"
"NOVA LAKE","NOVA LAKE U PRODUCT-TEST","A0","10044318","202603","202609","T31","QS","TEST","149266"
"NOVA LAKE","NOVA LAKE U PRODUCT-TEST","A0","10044318","202603","202609","T90","QS","TEST","118488"
"NOVA LAKE","NOVA LAKE U PRODUCT-TEST","A0","10044318","202603","202609","VAL","POS","TEST","56260"
"NOVA LAKE","NOVA LAKE U PRODUCT-TEST","A0","10044318","202604","202610","T31","QS","TEST","396980"
"NOVA LAKE","NOVA LAKE U PRODUCT-TEST","A0","10044318","202604","202610","T90","QS","TEST","331700"
"NOVA LAKE","NOVA LAKE U PRODUCT-TEST","A0","10044318","202604","202610","VAL","POS","TEST","20618"
"NOVA LAKE","NOVA LAKE U PRODUCT-TEST","A0","10044318","202604","202611","T31","QS","TEST","27116"
"NOVA LAKE","NOVA LAKE U PRODUCT-TEST","A0","10044318","202604","202611","T90","QS","TEST","21230"
"NOVA LAKE","NOVA LAKE U PRODUCT-TEST","A0","10044318","202701","202703","T31","QS","TEST","28081"
"NOVA LAKE","NOVA LAKE U PRODUCT-TEST","A0","10044318","202701","202703","T90","QS","TEST","22029"
"NOVA LAKE","NOVA LAKE U PRODUCT-TEST","A1","10044318","202603","202609","T31","QS","TEST","1800"
"NOVA LAKE","NOVA LAKE U PRODUCT-TEST","A1","10044318","202604","202610","T31","QS","TEST","60000"
"NOVA LAKE","NOVA LAKE U PRODUCT-TEST","A1","10044318","202604","202611","T31","QS","TEST","446400"
"NOVA LAKE","NOVA LAKE U PRODUCT-TEST","A1","10044318","202604","202611","T90","QS","TEST","12000"
"NOVA LAKE","NOVA LAKE U PRODUCT-TEST","A1","10044318","202604","202612","T31","QS","TEST","39000"
"NOVA LAKE","NOVA LAKE U PRODUCT-TEST","A1","10044318","202604","202612","T90","QS","TEST","6000"
"NOVA LAKE","NOVA LAKE U PRODUCT-TEST","A1","10044318","202702","202705","T31","QS","TEST","12000"
"NOVA LAKE","NVL S 16C (DUNLOW) PRODUCT","B0","10072548","202604","202611","VAL","POS","FINISH","15868"
"NOVA LAKE","NVL S 16C (DUNLOW) PRODUCT","B0","10072548","202701","202701","T31","QS","FINISH","37876"
"NOVA LAKE","NVL S 16C (DUNLOW) PRODUCT","B0","10072548","202701","202702","T31","QS","FINISH","27000"
"NOVA LAKE","NVL S 16C (DUNLOW) PRODUCT","B0","10072548","202701","202702","VAL","POS","FINISH","7935"
"NOVA LAKE","NVL S 16C (DUNLOW) PRODUCT","B0","10072548","202701","202703","T31","QS","FINISH","153937"
"NOVA LAKE","NVL S 16C (DUNLOW) PRODUCT-TEST","B0","10072548","202604","202611","VAL","POS","TEST","16154"
"NOVA LAKE","NVL S 16C (DUNLOW) PRODUCT-TEST","B0","10072548","202701","202701","T31","QS","TEST","38554"
"NOVA LAKE","NVL S 16C (DUNLOW) PRODUCT-TEST","B0","10072548","202701","202702","T31","QS","TEST","81000"
"NOVA LAKE","NVL S 16C (DUNLOW) PRODUCT-TEST","B0","10072548","202701","202702","VAL","POS","TEST","8074"
"NOVA LAKE","NVL S 16C (DUNLOW) PRODUCT-TEST","B0","10072548","202701","202703","T31","QS","TEST","100277"
"NOVA LAKE","NVL S 52C BLLC (DUNLOW) 125W PRODUCT","B0","10073137","202702","202705","T31","QS","FINISH","210000"
"NOVA LAKE","NVL S 52C BLLC (DUNLOW) 125W PRODUCT","B0","10073137","202702","202706","T31","QS","FINISH","42000"
"NOVA LAKE","NVL S 52C BLLC (DUNLOW) 125W PRODUCT-TEST","B0","10073137","202702","202705","T31","QS","TEST","252000"
"RAZOR LAKE","NOVA LAKE AM PRODUCT","A0","10061167","202703","202707","VAL","POS","FINISH","29899"
"RAZOR LAKE","NOVA LAKE AM PRODUCT","A0","10061167","202703","202708","T31","POS","FINISH","21600"
"RAZOR LAKE","NOVA LAKE AM PRODUCT","A0","10061167","202703","202708","T31","QS","FINISH","9600"
"RAZOR LAKE","NOVA LAKE AM PRODUCT","A0","10061167","202703","202708","VAL","POS","FINISH","59802"
"RAZOR LAKE","NOVA LAKE AM PRODUCT","A0","10061167","202703","202709","T31","POS","FINISH","4800"
"RAZOR LAKE","NOVA LAKE AM PRODUCT","A0","10061167","202703","202709","T31","QS","FINISH","64166"
"RAZOR LAKE","NOVA LAKE AM PRODUCT","A0","10061167","202703","202709","VAL","POS","FINISH","52324"
"RAZOR LAKE","NOVA LAKE AM PRODUCT","A0","10061167","202704","202710","T31","QS","FINISH","104328"
"RAZOR LAKE","NOVA LAKE AM PRODUCT","A0","10061167","202704","202710","VAL","POS","FINISH","14951"
"RAZOR LAKE","NOVA LAKE AM PRODUCT","A0","10061167","202704","202711","T31","QS","FINISH","440324"
"RAZOR LAKE","NOVA LAKE AM PRODUCT-TEST","A0","10061167","202703","202707","T31","POS","TEST","6000"
"RAZOR LAKE","NOVA LAKE AM PRODUCT-TEST","A0","10061167","202703","202707","VAL","POS","TEST","40064"
"RAZOR LAKE","NOVA LAKE AM PRODUCT-TEST","A0","10061167","202703","202708","T31","POS","TEST","18000"
"RAZOR LAKE","NOVA LAKE AM PRODUCT-TEST","A0","10061167","202703","202708","T31","QS","TEST","9600"
"RAZOR LAKE","NOVA LAKE AM PRODUCT-TEST","A0","10061167","202703","202708","VAL","POS","TEST","68455"
"RAZOR LAKE","NOVA LAKE AM PRODUCT-TEST","A0","10061167","202703","202709","T31","POS","TEST","2400"
"RAZOR LAKE","NOVA LAKE AM PRODUCT-TEST","A0","10061167","202703","202709","T31","QS","TEST","79199"
"RAZOR LAKE","NOVA LAKE AM PRODUCT-TEST","A0","10061167","202703","202709","VAL","POS","TEST","56965"
"RAZOR LAKE","NOVA LAKE AM PRODUCT-TEST","A0","10061167","202704","202710","T31","QS","TEST","103931"
"RAZOR LAKE","NOVA LAKE AM PRODUCT-TEST","A0","10061167","202704","202710","VAL","POS","TEST","14190"
"RAZOR LAKE","NOVA LAKE AM PRODUCT-TEST","A0","10061167","202704","202711","T31","QS","TEST","402048"
"RAZOR LAKE","NOVA LAKE AX PRODUCT","A0","10060860","202603","202609","VAL","POS","FINISH","10722"
"RAZOR LAKE","NOVA LAKE AX PRODUCT","A0","10060860","202604","202610","VAL","POS","FINISH","3258"
"RAZOR LAKE","NOVA LAKE AX PRODUCT","A0","10060860","202604","202611","VAL","POS","FINISH","35990"
"RAZOR LAKE","NOVA LAKE AX PRODUCT","A0","10060860","202604","202612","T11","ES1","FINISH","23664"
"RAZOR LAKE","NOVA LAKE AX PRODUCT","A0","10060860","202604","202612","T31","ES1","FINISH","12000"
"RAZOR LAKE","NOVA LAKE AX PRODUCT","A0","10060860","202604","202612","T31","ES2","FINISH","24000"
"RAZOR LAKE","NOVA LAKE AX PRODUCT","A0","10060860","202604","202612","VAL","POS","FINISH","53830"
"RAZOR LAKE","NOVA LAKE AX PRODUCT","A0","10060860","202701","202701","VAL","POS","FINISH","43064"
"RAZOR LAKE","NOVA LAKE AX PRODUCT","A0","10060860","202701","202702","T11","ES2","FINISH","16736"
"RAZOR LAKE","NOVA LAKE AX PRODUCT","A0","10060860","202701","202702","T31","ES2","FINISH","67088"
"RAZOR LAKE","NOVA LAKE AX PRODUCT","A0","10060860","202701","202702","VAL","POS","FINISH","53526"
"RAZOR LAKE","NOVA LAKE AX PRODUCT","A0","10060860","202701","202703","T11","ES1","FINISH","5321"
"RAZOR LAKE","NOVA LAKE AX PRODUCT","A0","10060860","202701","202703","T11","ES2","FINISH","76405"
"RAZOR LAKE","NOVA LAKE AX PRODUCT","A0","10060860","202701","202703","T31","ES2","FINISH","203115"
"RAZOR LAKE","NOVA LAKE AX PRODUCT","A0","10060860","202701","202703","VAL","POS","FINISH","16028"
"RAZOR LAKE","NOVA LAKE AX PRODUCT","A0","10060860","202702","202704","T31","ES2","FINISH","43200"
"RAZOR LAKE","NOVA LAKE AX PRODUCT","A0","10060860","202702","202705","T31","ES2","FINISH","43200"
"RAZOR LAKE","NOVA LAKE AX PRODUCT","A0","10060860","202702","202706","T31","ES2","FINISH","43200"
"RAZOR LAKE","NOVA LAKE AX PRODUCT","A1","10060860","202701","202702","T31","POS","FINISH","4800"
"RAZOR LAKE","NOVA LAKE AX PRODUCT","A1","10060860","202701","202703","T31","POS","FINISH","14400"
"RAZOR LAKE","NOVA LAKE AX PRODUCT","A1","10060860","202701","202703","VAL","POS","FINISH","56852"
"RAZOR LAKE","NOVA LAKE AX PRODUCT","A1","10060860","202702","202704","T31","QS","FINISH","12000"
"RAZOR LAKE","NOVA LAKE AX PRODUCT","A1","10060860","202702","202704","VAL","POS","FINISH","56852"
"RAZOR LAKE","NOVA LAKE AX PRODUCT","A1","10060860","202702","202705","T31","QS","FINISH","54034"
"RAZOR LAKE","NOVA LAKE AX PRODUCT","A1","10060860","202702","202705","VAL","POS","FINISH","63968"
"RAZOR LAKE","NOVA LAKE AX PRODUCT","A1","10060860","202702","202706","T31","QS","FINISH","147085"
"RAZOR LAKE","NOVA LAKE AX PRODUCT","A1","10060860","202703","202707","T31","QS","FINISH","429056"
"RAZOR LAKE","NOVA LAKE AX PRODUCT-TEST","A0","10060860","202603","202609","VAL","POS","TEST","11486"
"RAZOR LAKE","NOVA LAKE AX PRODUCT-TEST","A0","10060860","202604","202610","VAL","POS","TEST","15482"
"RAZOR LAKE","NOVA LAKE AX PRODUCT-TEST","A0","10060860","202604","202611","VAL","POS","TEST","56088"
"RAZOR LAKE","NOVA LAKE AX PRODUCT-TEST","A0","10060860","202604","202612","T11","ES1","TEST","29022"
"RAZOR LAKE","NOVA LAKE AX PRODUCT-TEST","A0","10060860","202604","202612","T31","ES1","TEST","13836"
"RAZOR LAKE","NOVA LAKE AX PRODUCT-TEST","A0","10060860","202604","202612","T31","ES2","TEST","24000"
"RAZOR LAKE","NOVA LAKE AX PRODUCT-TEST","A0","10060860","202604","202612","VAL","POS","TEST","70110"
"RAZOR LAKE","NOVA LAKE AX PRODUCT-TEST","A0","10060860","202701","202701","T31","ES2","TEST","3600"
"RAZOR LAKE","NOVA LAKE AX PRODUCT-TEST","A0","10060860","202701","202701","VAL","POS","TEST","55460"
"RAZOR LAKE","NOVA LAKE AX PRODUCT-TEST","A0","10060860","202701","202702","T11","ES2","TEST","24460"
"RAZOR LAKE","NOVA LAKE AX PRODUCT-TEST","A0","10060860","202701","202702","T31","ES2","TEST","59964"
"RAZOR LAKE","NOVA LAKE AX PRODUCT-TEST","A0","10060860","202701","202702","VAL","POS","TEST","58928"
"RAZOR LAKE","NOVA LAKE AX PRODUCT-TEST","A0","10060860","202701","202703","T11","ES1","TEST","8783"
"RAZOR LAKE","NOVA LAKE AX PRODUCT-TEST","A0","10060860","202701","202703","T11","ES2","TEST","83795"
"RAZOR LAKE","NOVA LAKE AX PRODUCT-TEST","A0","10060860","202701","202703","T31","ES2","TEST","166908"
"RAZOR LAKE","NOVA LAKE AX PRODUCT-TEST","A0","10060860","202702","202704","T31","ES2","TEST","43200"
"RAZOR LAKE","NOVA LAKE AX PRODUCT-TEST","A0","10060860","202702","202705","T31","ES2","TEST","43200"
"RAZOR LAKE","NOVA LAKE AX PRODUCT-TEST","A0","10060860","202702","202706","T31","ES2","TEST","37800"
"RAZOR LAKE","NOVA LAKE AX PRODUCT-TEST","A1","10060860","202701","202702","T31","POS","TEST","7200"
"RAZOR LAKE","NOVA LAKE AX PRODUCT-TEST","A1","10060860","202701","202702","T31","QS","TEST","16176"
"RAZOR LAKE","NOVA LAKE AX PRODUCT-TEST","A1","10060860","202701","202702","VAL","POS","TEST","5600"
"RAZOR LAKE","NOVA LAKE AX PRODUCT-TEST","A1","10060860","202701","202703","T31","POS","TEST","12000"
"RAZOR LAKE","NOVA LAKE AX PRODUCT-TEST","A1","10060860","202701","202703","T31","QS","TEST","20220"
"RAZOR LAKE","NOVA LAKE AX PRODUCT-TEST","A1","10060860","202701","202703","VAL","POS","TEST","81690"
"RAZOR LAKE","NOVA LAKE AX PRODUCT-TEST","A1","10060860","202702","202704","T31","QS","TEST","28176"
"RAZOR LAKE","NOVA LAKE AX PRODUCT-TEST","A1","10060860","202702","202704","VAL","POS","TEST","65352"
"RAZOR LAKE","NOVA LAKE AX PRODUCT-TEST","A1","10060860","202702","202705","T31","QS","TEST","92119"
"RAZOR LAKE","NOVA LAKE AX PRODUCT-TEST","A1","10060860","202702","202705","VAL","POS","TEST","51588"
"RAZOR LAKE","NOVA LAKE AX PRODUCT-TEST","A1","10060860","202702","202706","T31","QS","TEST","152705"
"RAZOR LAKE","NOVA LAKE AX PRODUCT-TEST","A1","10060860","202703","202707","T31","QS","TEST","397738"
"RAZOR LAKE","NOVA LAKE S 16C 12XE PRODUCT","A0","10073967","202604","202612","T31","QS","FINISH","6000"
"RAZOR LAKE","NOVA LAKE S 16C 12XE PRODUCT","A0","10073967","202701","202701","T31","QS","FINISH","7200"
"RAZOR LAKE","NOVA LAKE S 16C 12XE PRODUCT","A0","10073967","202701","202701","VAL","POS","FINISH","7464"
"RAZOR LAKE","NOVA LAKE S 16C 12XE PRODUCT","A0","10073967","202701","202702","VAL","POS","FINISH","65061"
"RAZOR LAKE","NOVA LAKE S 16C 12XE PRODUCT","A0","10073967","202702","202704","T31","QS","FINISH","3600"
"RAZOR LAKE","NOVA LAKE S 16C 12XE PRODUCT","A0","10073967","202702","202705","T31","QS","FINISH","114846"
"RAZOR LAKE","NOVA LAKE S 16C 12XE PRODUCT","A0","10073967","202702","202706","T31","QS","FINISH","288000"
"RAZOR LAKE","NOVA LAKE S 16C 12XE PRODUCT-TEST","A0","10073967","202604","202612","T31","QS","TEST","6000"
"RAZOR LAKE","NOVA LAKE S 16C 12XE PRODUCT-TEST","A0","10073967","202701","202701","T31","QS","TEST","7200"
"RAZOR LAKE","NOVA LAKE S 16C 12XE PRODUCT-TEST","A0","10073967","202701","202701","VAL","POS","TEST","21080"
"RAZOR LAKE","NOVA LAKE S 16C 12XE PRODUCT-TEST","A0","10073967","202701","202702","VAL","POS","TEST","52742"
"RAZOR LAKE","NOVA LAKE S 16C 12XE PRODUCT-TEST","A0","10073967","202701","202703","T31","QS","TEST","1800"
"RAZOR LAKE","NOVA LAKE S 16C 12XE PRODUCT-TEST","A0","10073967","202702","202704","T31","QS","TEST","49170"
"RAZOR LAKE","NOVA LAKE S 16C 12XE PRODUCT-TEST","A0","10073967","202702","202705","T31","QS","TEST","87522"
"RAZOR LAKE","NOVA LAKE S 16C 12XE PRODUCT-TEST","A0","10073967","202702","202706","T31","QS","TEST","288000"
"RAZOR LAKE","NOVA LAKE S 16C BLLC PRODUCT","A0","10073765","202704","202712","VAL","POS","FINISH","56608"
"RAZOR LAKE","NOVA LAKE S 16C BLLC PRODUCT","A0","10073765","202801","202801","VAL","POS","FINISH","94224"
"RAZOR LAKE","NOVA LAKE S 16C BLLC PRODUCT","A0","10073765","202801","202803","T90","QS","FINISH","63342"
"RAZOR LAKE","NOVA LAKE S 16C BLLC PRODUCT","A0","10073765","202802","202804","T90","QS","FINISH","63263"
"RAZOR LAKE","NOVA LAKE S 16C BLLC PRODUCT-TEST","A0","10073765","202704","202712","VAL","POS","TEST","77120"
"RAZOR LAKE","NOVA LAKE S 16C BLLC PRODUCT-TEST","A0","10073765","202801","202801","VAL","POS","TEST","107050"
"RAZOR LAKE","NOVA LAKE S 16C BLLC PRODUCT-TEST","A0","10073765","202801","202803","T90","QS","TEST","81570"
"RAZOR LAKE","NOVA LAKE S 16C BLLC PRODUCT-TEST","A0","10073765","202802","202804","T90","QS","TEST","57769"
"RAZOR LAKE","RAZOR LAKE H 12XE PRODUCT","A0","10046180","202703","202709","VAL","POS","FINISH","57346"
"RAZOR LAKE","RAZOR LAKE H 12XE PRODUCT","A0","10046180","202704","202710","VAL","POS","FINISH","32079"
"RAZOR LAKE","RAZOR LAKE H 12XE PRODUCT","A0","10046180","202704","202711","T31","QS","FINISH","50566"
"RAZOR LAKE","RAZOR LAKE H 12XE PRODUCT","A0","10046180","202704","202711","VAL","POS","FINISH","31274"
"RAZOR LAKE","RAZOR LAKE H 12XE PRODUCT","A0","10046180","202704","202712","T31","QS","FINISH","319423"
"RAZOR LAKE","RAZOR LAKE H 12XE PRODUCT","A0","10046180","202704","202712","VAL","POS","FINISH","28016"
"RAZOR LAKE","RAZOR LAKE H 12XE PRODUCT","A0","10046180","202801","202801","T31","QS","FINISH","48219"
"RAZOR LAKE","RAZOR LAKE H 12XE PRODUCT","A0","10046180","202801","202801","VAL","POS","FINISH","21192"
"RAZOR LAKE","RAZOR LAKE H 12XE PRODUCT-TEST","A0","10046180","202703","202708","T90","POS","TEST","9000"
"RAZOR LAKE","RAZOR LAKE H 12XE PRODUCT-TEST","A0","10046180","202703","202708","VAL","POS","TEST","3176"
"RAZOR LAKE","RAZOR LAKE H 12XE PRODUCT-TEST","A0","10046180","202703","202709","T90","POS","TEST","9000"
"RAZOR LAKE","RAZOR LAKE H 12XE PRODUCT-TEST","A0","10046180","202703","202709","VAL","POS","TEST","68612"
"RAZOR LAKE","RAZOR LAKE H 12XE PRODUCT-TEST","A0","10046180","202704","202710","VAL","POS","TEST","40730"
"RAZOR LAKE","RAZOR LAKE H 12XE PRODUCT-TEST","A0","10046180","202704","202711","T31","QS","TEST","121874"
"RAZOR LAKE","RAZOR LAKE H 12XE PRODUCT-TEST","A0","10046180","202704","202711","VAL","POS","TEST","30921"
"RAZOR LAKE","RAZOR LAKE H 12XE PRODUCT-TEST","A0","10046180","202704","202712","T31","QS","TEST","324158"
"RAZOR LAKE","RAZOR LAKE H 12XE PRODUCT-TEST","A0","10046180","202704","202712","VAL","POS","TEST","34895"
"RAZOR LAKE","RAZOR LAKE H 12XE PRODUCT-TEST","A0","10046180","202801","202801","T31","QS","TEST","13882"
"RAZOR LAKE","RAZOR LAKE H 12XE PRODUCT-TEST","A0","10046180","202801","202801","VAL","POS","TEST","18234"
"RAZOR LAKE","RAZOR LAKE H 4XE PRODUCT","A0","10051728","202703","202708","VAL","POS","FINISH","29184"
"RAZOR LAKE","RAZOR LAKE H 4XE PRODUCT","A0","10051728","202703","202709","VAL","POS","FINISH","28341"
"RAZOR LAKE","RAZOR LAKE H 4XE PRODUCT","A0","10051728","202704","202710","VAL","POS","FINISH","42993"
"RAZOR LAKE","RAZOR LAKE H 4XE PRODUCT","A0","10051728","202704","202711","T90","QS","FINISH","280441"
"RAZOR LAKE","RAZOR LAKE H 4XE PRODUCT","A0","10051728","202704","202711","VAL","POS","FINISH","27159"
"RAZOR LAKE","RAZOR LAKE H 4XE PRODUCT","A0","10051728","202704","202712","T90","QS","FINISH","419079"
"RAZOR LAKE","RAZOR LAKE H 4XE PRODUCT","A0","10051728","202704","202712","VAL","POS","FINISH","35741"
"RAZOR LAKE","RAZOR LAKE H 4XE PRODUCT-TEST","A0","10051728","202703","202708","T90","POS","TEST","9000"
"RAZOR LAKE","RAZOR LAKE H 4XE PRODUCT-TEST","A0","10051728","202703","202708","VAL","POS","TEST","33462"
"RAZOR LAKE","RAZOR LAKE H 4XE PRODUCT-TEST","A0","10051728","202703","202709","T90","POS","TEST","9000"
"RAZOR LAKE","RAZOR LAKE H 4XE PRODUCT-TEST","A0","10051728","202703","202709","VAL","POS","TEST","39303"
"RAZOR LAKE","RAZOR LAKE H 4XE PRODUCT-TEST","A0","10051728","202704","202710","T90","QS","TEST","5964"
"RAZOR LAKE","RAZOR LAKE H 4XE PRODUCT-TEST","A0","10051728","202704","202710","VAL","POS","TEST","47940"
"RAZOR LAKE","RAZOR LAKE H 4XE PRODUCT-TEST","A0","10051728","202704","202711","T90","QS","TEST","420084"
"RAZOR LAKE","RAZOR LAKE H 4XE PRODUCT-TEST","A0","10051728","202704","202711","VAL","POS","TEST","29881"
"RAZOR LAKE","RAZOR LAKE H 4XE PRODUCT-TEST","A0","10051728","202704","202712","T90","QS","TEST","331994"
"RAZOR LAKE","RAZOR LAKE H 4XE PRODUCT-TEST","A0","10051728","202704","202712","VAL","POS","TEST","36780"
"RAZOR LAKE","RAZOR LAKE HX BLLC PRODUCT","A0","10077287","202703","202707","VAL","POS","FINISH","15450"
"RAZOR LAKE","RAZOR LAKE HX BLLC PRODUCT","A0","10077287","202703","202708","VAL","POS","FINISH","29949"
"RAZOR LAKE","RAZOR LAKE HX BLLC PRODUCT","A0","10077287","202703","202709","VAL","POS","FINISH","31203"
"RAZOR LAKE","RAZOR LAKE HX BLLC PRODUCT","A0","10077287","202704","202710","T90","QS","FINISH","7544"
"RAZOR LAKE","RAZOR LAKE HX BLLC PRODUCT","A0","10077287","202704","202710","VAL","POS","FINISH","53001"
"RAZOR LAKE","RAZOR LAKE HX BLLC PRODUCT","A0","10077287","202704","202711","T90","QS","FINISH","142150"
"RAZOR LAKE","RAZOR LAKE HX BLLC PRODUCT","A0","10077287","202704","202711","VAL","POS","FINISH","43836"
"RAZOR LAKE","RAZOR LAKE HX BLLC PRODUCT","A0","10077287","202704","202712","T90","QS","FINISH","112704"
"RAZOR LAKE","RAZOR LAKE HX BLLC PRODUCT","A0","10077287","202704","202712","VAL","POS","FINISH","22266"
"RAZOR LAKE","RAZOR LAKE HX BLLC PRODUCT-TEST","A0","10077287","202703","202707","VAL","POS","TEST","19536"
"RAZOR LAKE","RAZOR LAKE HX BLLC PRODUCT-TEST","A0","10077287","202703","202708","T90","POS","TEST","18000"
"RAZOR LAKE","RAZOR LAKE HX BLLC PRODUCT-TEST","A0","10077287","202703","202708","VAL","POS","TEST","34983"
"RAZOR LAKE","RAZOR LAKE HX BLLC PRODUCT-TEST","A0","10077287","202703","202709","VAL","POS","TEST","40704"
"RAZOR LAKE","RAZOR LAKE HX BLLC PRODUCT-TEST","A0","10077287","202704","202710","T90","QS","TEST","40709"
"RAZOR LAKE","RAZOR LAKE HX BLLC PRODUCT-TEST","A0","10077287","202704","202710","VAL","POS","TEST","77743"
"RAZOR LAKE","RAZOR LAKE HX BLLC PRODUCT-TEST","A0","10077287","202704","202711","T90","QS","TEST","178382"
"RAZOR LAKE","RAZOR LAKE HX BLLC PRODUCT-TEST","A0","10077287","202704","202711","VAL","POS","TEST","39916"
"RAZOR LAKE","RAZOR LAKE HX BLLC PRODUCT-TEST","A0","10077287","202704","202712","T90","QS","TEST","69449"
"RAZOR LAKE","RAZOR LAKE HX BLLC PRODUCT-TEST","A0","10077287","202704","202712","VAL","POS","TEST","22114"
"RAZOR LAKE","RAZOR LAKE S 28C BLLC PRODUCT","A0","10053366","202703","202707","T31","POS","FINISH","6000"
"RAZOR LAKE","RAZOR LAKE S 28C BLLC PRODUCT","A0","10053366","202703","202708","T31","POS","FINISH","7200"
"RAZOR LAKE","RAZOR LAKE S 28C BLLC PRODUCT","A0","10053366","202703","202709","VAL","POS","FINISH","45614"
"RAZOR LAKE","RAZOR LAKE S 28C BLLC PRODUCT","A0","10053366","202704","202710","T31","QS","FINISH","3600"
"RAZOR LAKE","RAZOR LAKE S 28C BLLC PRODUCT","A0","10053366","202704","202710","VAL","POS","FINISH","39852"
"RAZOR LAKE","RAZOR LAKE S 28C BLLC PRODUCT","A0","10053366","202704","202711","VAL","POS","FINISH","24646"
"RAZOR LAKE","RAZOR LAKE S 28C BLLC PRODUCT","A0","10053366","202704","202712","T31","QS","FINISH","26015"
"RAZOR LAKE","RAZOR LAKE S 28C BLLC PRODUCT","A0","10053366","202704","202712","VAL","POS","FINISH","43010"
"RAZOR LAKE","RAZOR LAKE S 28C BLLC PRODUCT","A0","10053366","202801","202801","T31","QS","FINISH","666229"
"RAZOR LAKE","RAZOR LAKE S 28C BLLC PRODUCT","A0","10053366","202801","202801","VAL","POS","FINISH","11330"
"RAZOR LAKE","RAZOR LAKE S 28C BLLC PRODUCT-TEST","A0","10053366","202703","202707","T31","POS","TEST","7341"
"RAZOR LAKE","RAZOR LAKE S 28C BLLC PRODUCT-TEST","A0","10053366","202703","202708","T31","POS","TEST","8811"
"RAZOR LAKE","RAZOR LAKE S 28C BLLC PRODUCT-TEST","A0","10053366","202703","202708","VAL","POS","TEST","7320"
"RAZOR LAKE","RAZOR LAKE S 28C BLLC PRODUCT-TEST","A0","10053366","202703","202709","VAL","POS","TEST","78609"
"RAZOR LAKE","RAZOR LAKE S 28C BLLC PRODUCT-TEST","A0","10053366","202704","202710","T31","QS","TEST","3600"
"RAZOR LAKE","RAZOR LAKE S 28C BLLC PRODUCT-TEST","A0","10053366","202704","202710","VAL","POS","TEST","33471"
"RAZOR LAKE","RAZOR LAKE S 28C BLLC PRODUCT-TEST","A0","10053366","202704","202711","VAL","POS","TEST","35384"
"RAZOR LAKE","RAZOR LAKE S 28C BLLC PRODUCT-TEST","A0","10053366","202704","202712","T31","QS","TEST","137546"
"RAZOR LAKE","RAZOR LAKE S 28C BLLC PRODUCT-TEST","A0","10053366","202704","202712","VAL","POS","TEST","44418"
"RAZOR LAKE","RAZOR LAKE S 28C BLLC PRODUCT-TEST","A0","10053366","202801","202801","T31","QS","TEST","539888"
"RAZOR LAKE","RAZOR LAKE S 28C BLLC PRODUCT-TEST","A0","10053366","202801","202801","VAL","POS","TEST","14907"
"RAZOR LAKE","RAZOR LAKE S 28C PRODUCT","A0","10046183","202604","202611","T31","POS","FINISH","8400"
"RAZOR LAKE","RAZOR LAKE S 28C PRODUCT","A0","10046183","202604","202611","VAL","POS","FINISH","27646"
"RAZOR LAKE","RAZOR LAKE S 28C PRODUCT","A0","10046183","202604","202612","T31","POS","FINISH","3600"
"RAZOR LAKE","RAZOR LAKE S 28C PRODUCT","A0","10046183","202604","202612","VAL","POS","FINISH","36348"
"RAZOR LAKE","RAZOR LAKE S 28C PRODUCT","A0","10046183","202701","202701","VAL","POS","FINISH","25492"
"RAZOR LAKE","RAZOR LAKE S 28C PRODUCT","A0","10046183","202701","202702","VAL","POS","FINISH","52805"
"RAZOR LAKE","RAZOR LAKE S 28C PRODUCT","A0","10046183","202701","202703","T31","ES","FINISH","3600"
"RAZOR LAKE","RAZOR LAKE S 28C PRODUCT","A0","10046183","202701","202703","VAL","POS","FINISH","50578"
"RAZOR LAKE","RAZOR LAKE S 28C PRODUCT","A0","10046183","202702","202704","T11","ES","FINISH","107496"
"RAZOR LAKE","RAZOR LAKE S 28C PRODUCT","A0","10046183","202702","202704","VAL","POS","FINISH","18690"
"RAZOR LAKE","RAZOR LAKE S 28C PRODUCT","A5","10046183","202702","202704","VAL","POS","FINISH","33914"
"RAZOR LAKE","RAZOR LAKE S 28C PRODUCT","A5","10046183","202702","202705","VAL","POS","FINISH","54318"
"RAZOR LAKE","RAZOR LAKE S 28C PRODUCT","B0","10046183","202703","202709","VAL","POS","FINISH","19218"
"RAZOR LAKE","RAZOR LAKE S 28C PRODUCT","B0","10046183","202704","202710","T31","QS","FINISH","15228"
"RAZOR LAKE","RAZOR LAKE S 28C PRODUCT","B0","10046183","202704","202710","VAL","POS","FINISH","92548"
"RAZOR LAKE","RAZOR LAKE S 28C PRODUCT","B0","10046183","202704","202711","T31","QS","FINISH","21335"
"RAZOR LAKE","RAZOR LAKE S 28C PRODUCT","B0","10046183","202704","202711","VAL","POS","FINISH","51584"
"RAZOR LAKE","RAZOR LAKE S 28C PRODUCT","B0","10046183","202704","202712","T31","QS","FINISH","349334"
"RAZOR LAKE","RAZOR LAKE S 28C PRODUCT","B0","10046183","202704","202712","VAL","POS","FINISH","39212"
"RAZOR LAKE","RAZOR LAKE S 28C PRODUCT","B0","10046183","202801","202801","T31","QS","FINISH","200647"
"RAZOR LAKE","RAZOR LAKE S 28C PRODUCT","B0","10046183","202801","202801","VAL","POS","FINISH","35399"
"RAZOR LAKE","RAZOR LAKE S 28C PRODUCT","B0","10046183","202801","202802","T31","QS","FINISH","633096"
"RAZOR LAKE","RAZOR LAKE S 28C PRODUCT","B0","10046183","202801","202802","VAL","POS","FINISH","4792"
"RAZOR LAKE","RAZOR LAKE S 28C PRODUCT","B0","10046183","202801","202803","T31","QS","FINISH","309905"
"RAZOR LAKE","RAZOR LAKE S 28C PRODUCT-TEST","A0","10046183","202604","202610","VAL","POS","TEST","4364"
"RAZOR LAKE","RAZOR LAKE S 28C PRODUCT-TEST","A0","10046183","202604","202611","T31","POS","TEST","14835"
"RAZOR LAKE","RAZOR LAKE S 28C PRODUCT-TEST","A0","10046183","202604","202611","VAL","POS","TEST","40210"
"RAZOR LAKE","RAZOR LAKE S 28C PRODUCT-TEST","A0","10046183","202604","202612","VAL","POS","TEST","49768"
"RAZOR LAKE","RAZOR LAKE S 28C PRODUCT-TEST","A0","10046183","202701","202701","VAL","POS","TEST","32888"
"RAZOR LAKE","RAZOR LAKE S 28C PRODUCT-TEST","A0","10046183","202701","202702","VAL","POS","TEST","70442"
"RAZOR LAKE","RAZOR LAKE S 28C PRODUCT-TEST","A0","10046183","202701","202703","T11","ES","TEST","22508"
"RAZOR LAKE","RAZOR LAKE S 28C PRODUCT-TEST","A0","10046183","202701","202703","T31","ES","TEST","3600"
"RAZOR LAKE","RAZOR LAKE S 28C PRODUCT-TEST","A0","10046183","202701","202703","VAL","POS","TEST","75627"
"RAZOR LAKE","RAZOR LAKE S 28C PRODUCT-TEST","A0","10046183","202702","202704","T11","ES","TEST","110693"
"RAZOR LAKE","RAZOR LAKE S 28C PRODUCT-TEST","A0","10046183","202702","202704","VAL","POS","TEST","7953"
"RAZOR LAKE","RAZOR LAKE S 28C PRODUCT-TEST","A5","10046183","202702","202704","VAL","POS","TEST","74256"
"RAZOR LAKE","RAZOR LAKE S 28C PRODUCT-TEST","A5","10046183","202702","202705","VAL","POS","TEST","43056"
"RAZOR LAKE","RAZOR LAKE S 28C PRODUCT-TEST","B0","10046183","202703","202709","VAL","POS","TEST","44925"
"RAZOR LAKE","RAZOR LAKE S 28C PRODUCT-TEST","B0","10046183","202704","202710","T31","QS","TEST","33812"
"RAZOR LAKE","RAZOR LAKE S 28C PRODUCT-TEST","B0","10046183","202704","202710","VAL","POS","TEST","102680"
"RAZOR LAKE","RAZOR LAKE S 28C PRODUCT-TEST","B0","10046183","202704","202711","T31","QS","TEST","6000"
"RAZOR LAKE","RAZOR LAKE S 28C PRODUCT-TEST","B0","10046183","202704","202711","VAL","POS","TEST","57014"
"RAZOR LAKE","RAZOR LAKE S 28C PRODUCT-TEST","B0","10046183","202704","202712","T31","QS","TEST","440559"
"RAZOR LAKE","RAZOR LAKE S 28C PRODUCT-TEST","B0","10046183","202704","202712","VAL","POS","TEST","39411"
"RAZOR LAKE","RAZOR LAKE S 28C PRODUCT-TEST","B0","10046183","202801","202801","T31","QS","TEST","406288"
"RAZOR LAKE","RAZOR LAKE S 28C PRODUCT-TEST","B0","10046183","202801","202801","VAL","POS","TEST","43470"
"RAZOR LAKE","RAZOR LAKE S 28C PRODUCT-TEST","B0","10046183","202801","202802","T31","QS","TEST","404730"
"RAZOR LAKE","RAZOR LAKE S 28C PRODUCT-TEST","B0","10046183","202801","202803","T31","QS","TEST","285672"
"RAZOR LAKE","RAZOR LAKE S 52C BLLC PRODUCT","A0","10072807","202703","202708","T31","POS","FINISH","6000"
"RAZOR LAKE","RAZOR LAKE S 52C BLLC PRODUCT","A0","10072807","202703","202709","T31","POS","FINISH","7200"
"RAZOR LAKE","RAZOR LAKE S 52C BLLC PRODUCT","A0","10072807","202703","202709","T31","QS","FINISH","0"
"RAZOR LAKE","RAZOR LAKE S 52C BLLC PRODUCT","A0","10072807","202703","202709","VAL","POS","FINISH","44457"
"RAZOR LAKE","RAZOR LAKE S 52C BLLC PRODUCT","A0","10072807","202704","202710","T31","QS","FINISH","3600"
"RAZOR LAKE","RAZOR LAKE S 52C BLLC PRODUCT","A0","10072807","202704","202710","VAL","POS","FINISH","39010"
"RAZOR LAKE","RAZOR LAKE S 52C BLLC PRODUCT","A0","10072807","202704","202711","VAL","POS","FINISH","40146"
"RAZOR LAKE","RAZOR LAKE S 52C BLLC PRODUCT","A0","10072807","202704","202712","T31","QS","FINISH","50140"
"RAZOR LAKE","RAZOR LAKE S 52C BLLC PRODUCT","A0","10072807","202704","202712","VAL","POS","FINISH","48972"
"RAZOR LAKE","RAZOR LAKE S 52C BLLC PRODUCT","A0","10072807","202801","202801","T31","QS","FINISH","626147"
"RAZOR LAKE","RAZOR LAKE S 52C BLLC PRODUCT","A0","10072807","202801","202803","T31","QS","FINISH","14378"
"RAZOR LAKE","RAZOR LAKE S 52C BLLC PRODUCT","A0","10072807","202802","202804","T31","QS","FINISH","176876"
"RAZOR LAKE","RAZOR LAKE S 52C BLLC PRODUCT","A0","10072807","202802","202805","T31","QS","FINISH","132000"
"RAZOR LAKE","RAZOR LAKE S 52C BLLC PRODUCT-TEST","A0","10072807","202703","202708","T31","POS","TEST","7656"
"RAZOR LAKE","RAZOR LAKE S 52C BLLC PRODUCT-TEST","A0","10072807","202703","202708","VAL","POS","TEST","1732"
"RAZOR LAKE","RAZOR LAKE S 52C BLLC PRODUCT-TEST","A0","10072807","202703","202709","T31","POS","TEST","9189"
"RAZOR LAKE","RAZOR LAKE S 52C BLLC PRODUCT-TEST","A0","10072807","202703","202709","T31","QS","TEST","0"
"RAZOR LAKE","RAZOR LAKE S 52C BLLC PRODUCT-TEST","A0","10072807","202703","202709","VAL","POS","TEST","64994"
"RAZOR LAKE","RAZOR LAKE S 52C BLLC PRODUCT-TEST","A0","10072807","202704","202710","T31","QS","TEST","25776"
"RAZOR LAKE","RAZOR LAKE S 52C BLLC PRODUCT-TEST","A0","10072807","202704","202710","VAL","POS","TEST","51753"
"RAZOR LAKE","RAZOR LAKE S 52C BLLC PRODUCT-TEST","A0","10072807","202704","202711","T31","QS","TEST","25374"
"RAZOR LAKE","RAZOR LAKE S 52C BLLC PRODUCT-TEST","A0","10072807","202704","202711","VAL","POS","TEST","60838"
"RAZOR LAKE","RAZOR LAKE S 52C BLLC PRODUCT-TEST","A0","10072807","202704","202712","T31","QS","TEST","77129"
"RAZOR LAKE","RAZOR LAKE S 52C BLLC PRODUCT-TEST","A0","10072807","202704","202712","VAL","POS","TEST","57956"
"RAZOR LAKE","RAZOR LAKE S 52C BLLC PRODUCT-TEST","A0","10072807","202801","202801","T31","QS","TEST","616180"
"RAZOR LAKE","RAZOR LAKE S 52C BLLC PRODUCT-TEST","A0","10072807","202801","202803","T31","QS","TEST","30793"
"RAZOR LAKE","RAZOR LAKE S 52C BLLC PRODUCT-TEST","A0","10072807","202802","202804","T31","QS","TEST","248653"
"RAZOR LAKE","RAZOR LAKE S 52C BLLC PRODUCT-TEST","A0","10072807","202802","202805","T31","QS","TEST","66000"
"RAZOR LAKE","RAZOR LAKE U PRODUCT","A0","10046179","202702","202704","VAL","POS","FINISH","3572"
"RAZOR LAKE","RAZOR LAKE U PRODUCT","A0","10046179","202702","202705","VAL","POS","FINISH","25410"
"RAZOR LAKE","RAZOR LAKE U PRODUCT","A0","10046179","202702","202706","VAL","POS","FINISH","39456"
"RAZOR LAKE","RAZOR LAKE U PRODUCT","A0","10046179","202703","202707","VAL","POS","FINISH","5356"
"RAZOR LAKE","RAZOR LAKE U PRODUCT","A0","10046179","202703","202708","VAL","POS","FINISH","6588"
"RAZOR LAKE","RAZOR LAKE U PRODUCT","A0","10046179","202703","202709","VAL","POS","FINISH","5356"
"RAZOR LAKE","RAZOR LAKE U PRODUCT","A0","10046179","202704","202710","VAL","POS","FINISH","2904"
"RAZOR LAKE","RAZOR LAKE U PRODUCT","A0","10046179","202704","202711","VAL","POS","FINISH","5356"
"RAZOR LAKE","RAZOR LAKE U PRODUCT","A0","10046179","202704","202712","VAL","POS","FINISH","7808"
"RAZOR LAKE","RAZOR LAKE U PRODUCT","A0","10046179","202801","202803","VAL","POS","FINISH","25321"
"RAZOR LAKE","RAZOR LAKE U PRODUCT","B0","10046179","202701","202703","T31","QS","FINISH","5672"
"RAZOR LAKE","RAZOR LAKE U PRODUCT","B0","10046179","202702","202704","T31","QS","FINISH","198930"
"RAZOR LAKE","RAZOR LAKE U PRODUCT","B0","10046179","202702","202705","T31","QS","FINISH","418008"
"RAZOR LAKE","RAZOR LAKE U PRODUCT","B0","10046179","202702","202706","T31","QS","FINISH","33366"
"RAZOR LAKE","RAZOR LAKE U PRODUCT","B0","10046179","202801","202801","VAL","POS","FINISH","15784"
"RAZOR LAKE","RAZOR LAKE U PRODUCT","B0","10046179","202801","202802","VAL","POS","FINISH","23052"
"RAZOR LAKE","RAZOR LAKE U PRODUCT","B0","10046179","202801","202803","VAL","POS","FINISH","52176"
"RAZOR LAKE","RAZOR LAKE U PRODUCT","B0","10046179","202802","202804","VAL","POS","FINISH","8864"
"RAZOR LAKE","RAZOR LAKE U PRODUCT","B0","10046179","202802","202805","T31","QS","FINISH","94775"
"RAZOR LAKE","RAZOR LAKE U PRODUCT","B0","10046179","202802","202805","VAL","POS","FINISH","18592"
"RAZOR LAKE","RAZOR LAKE U PRODUCT","B0","10046179","202802","202806","T31","QS","FINISH","50714"
"RAZOR LAKE","RAZOR LAKE U PRODUCT-TEST","A0","10046179","202702","202704","VAL","POS","TEST","11474"
"RAZOR LAKE","RAZOR LAKE U PRODUCT-TEST","A0","10046179","202702","202705","VAL","POS","TEST","40268"
"RAZOR LAKE","RAZOR LAKE U PRODUCT-TEST","A0","10046179","202702","202706","VAL","POS","TEST","46332"
"RAZOR LAKE","RAZOR LAKE U PRODUCT-TEST","A0","10046179","202703","202707","VAL","POS","TEST","7680"
"RAZOR LAKE","RAZOR LAKE U PRODUCT-TEST","A0","10046179","202703","202708","VAL","POS","TEST","9442"
"RAZOR LAKE","RAZOR LAKE U PRODUCT-TEST","A0","10046179","202703","202709","VAL","POS","TEST","7680"
"RAZOR LAKE","RAZOR LAKE U PRODUCT-TEST","A0","10046179","202704","202710","VAL","POS","TEST","7680"
"RAZOR LAKE","RAZOR LAKE U PRODUCT-TEST","A0","10046179","202704","202711","T31","POS","TEST","23112"
"RAZOR LAKE","RAZOR LAKE U PRODUCT-TEST","A0","10046179","202704","202711","VAL","POS","TEST","7680"
"RAZOR LAKE","RAZOR LAKE U PRODUCT-TEST","A0","10046179","202704","202712","T31","POS","TEST","38520"
"RAZOR LAKE","RAZOR LAKE U PRODUCT-TEST","A0","10046179","202704","202712","VAL","POS","TEST","7680"
"RAZOR LAKE","RAZOR LAKE U PRODUCT-TEST","A0","10046179","202801","202801","T31","POS","TEST","34092"
"RAZOR LAKE","RAZOR LAKE U PRODUCT-TEST","A0","10046179","202801","202803","VAL","POS","TEST","21198"
"RAZOR LAKE","RAZOR LAKE U PRODUCT-TEST","B0","10046179","202701","202703","T31","QS","TEST","6342"
"RAZOR LAKE","RAZOR LAKE U PRODUCT-TEST","B0","10046179","202702","202704","T31","QS","TEST","325944"
"RAZOR LAKE","RAZOR LAKE U PRODUCT-TEST","B0","10046179","202702","202705","T31","QS","TEST","401472"
"RAZOR LAKE","RAZOR LAKE U PRODUCT-TEST","B0","10046179","202801","202801","VAL","POS","TEST","27752"
"RAZOR LAKE","RAZOR LAKE U PRODUCT-TEST","B0","10046179","202801","202802","T90","POS","TEST","24000"
"RAZOR LAKE","RAZOR LAKE U PRODUCT-TEST","B0","10046179","202801","202802","VAL","POS","TEST","18506"
"RAZOR LAKE","RAZOR LAKE U PRODUCT-TEST","B0","10046179","202801","202803","VAL","POS","TEST","67652"
"RAZOR LAKE","RAZOR LAKE U PRODUCT-TEST","B0","10046179","202802","202804","VAL","POS","TEST","5044"
"RAZOR LAKE","RAZOR LAKE U PRODUCT-TEST","B0","10046179","202802","202805","T31","QS","TEST","120068"
"RAZOR LAKE","RAZOR LAKE U PRODUCT-TEST","B0","10046179","202802","202805","VAL","POS","TEST","21729"
"RAZOR LAKE","RAZOR LAKE U PRODUCT-TEST","B0","10046179","202802","202806","T31","QS","TEST","49940"
